date,advances,declines,unchanged,ad_diff,ad_line,breadth_thrust_ema10
20230102,178,712,53,-534,49466.0,0.2
20230103,343,523,77,-180,49286.0,0.23564980054587445
20230104,651,224,68,427,49713.0,0.3280771095375336
20230105,501,374,68,127,49840.0,0.3725306220891509
20230106,602,262,79,340,50180.0,0.43148128339280695
20230109,799,93,51,706,50886.0,0.5158919428330059
20230110,441,398,104,43,50929.0,0.5176617250332677
20230111,602,246,95,356,51285.0,0.5526151678231024
20230112,492,365,86,127,51412.0,0.5565207159668599
20230113,522,325,96,197,51609.0,0.5673883672657908
20230116,499,350,94,149,51758.0,0.5710905358472971
20230117,250,618,75,-368,51390.0,0.5196228808168292
20230118,296,548,99,-252,51138.0,0.4889116116635754
20230119,473,362,108,111,51249.0,0.503012603337155
20230120,568,254,121,314,51563.0,0.5371916876231224
20230125,528,330,85,198,51761.0,0.5514085835797575
20230126,621,254,68,367,52128.0,0.5801914385133081
20230127,572,294,77,278,52406.0,0.5947944648092298
20230130,233,648,62,-415,51991.0,0.5347358695152599
20230131,501,370,74,131,52122.0,0.5420931511460308
20230201,513,349,83,164,52286.0,0.5517357800665373
20230202,607,265,72,342,52628.0,0.577983986860111
20230203,405,465,74,-60,52568.0,0.5575354876817835
20230206,419,466,59,-47,52521.0,0.5422465495002985
20230207,376,499,69,-123,52398.0,0.5217861379028416
20230208,593,285,66,308,52706.0,0.5497156825127618
20230209,365,511,68,-146,52560.0,0.5255249523589263
20230210,285,610,49,-325,52235.0,0.48787237087365676
20230213,342,532,70,-190,52045.0,0.47031454850137133
20230214,491,376,77,115,52160.0,0.4877702025748349
20230215,110,806,28,-696,51464.0,0.4209187723329633
20230216,673,216,55,457,51921.0,0.48202997212762444
20230217,396,478,70,-82,51839.0,0.4767680217137397
20230220,562,323,59,239,52078.0,0.5055426084180726
20230221,551,325,67,226,52304.0,0.5279885766675056
20230222,148,760,35,-612,51692.0,0.4616262163122603
20230223,511,365,67,146,51838.0,0.48375478304336444
20230224,225,663,55,-438,51400.0,0.441868164013367
20230227,222,660,61,-438,50962.0,0.40729225787859274
20230228,506,364,73,142,51104.0,0.43898624651926654
20230302,497,391,55,106,51210.0,0.46093141709479707
20230303,469,413,61,56,51266.0,0.47380680157683974
20230306,437,453,53,-16,51250.0,0.47693488055469724
20230307,465,417,61,48,51298.0,0.4860759721545234
20230308,199,698,46,-499,50799.0,0.4380349977909666
20230309,398,480,65,-82,50717.0,0.4408109911518138
20230310,118,789,36,-671,50046.0,0.38431794334692354
20230313,256,656,31,-400,49646.0,0.36547863626311283
20230314,48,877,18,-829,48817.0,0.3084628645592545
20230315,716,184,43,532,49349.0,0.3970251720131274
20230316,223,673,47,-450,48899.0,0.3700904004782731
20230317,674,226,43,448,49347.0,0.43896285291656684
20230320,448,428,67,20,49367.0,0.45213606604340106
20230321,427,459,57,-32,49335.0,0.457555201172797
20230322,339,531,73,-192,49143.0,0.44520974139843267
20230323,224,671,48,-447,48696.0,0.4097678483457973
20230324,467,394,82,73,48769.0,0.4338814335161634
20230327,315,557,72,-242,48527.0,0.42067363326051394
20230328,690,191,63,499,49026.0,0.48658768322387935
20230329,553,309,82,244,49270.0,0.5147592540024104
20230330,596,279,69,317,49587.0,0.5450108182097644
20230331,482,410,54,72,49659.0,0.5441649866070106
20230403,513,372,61,141,49800.0,0.5506188103055818
20230404,639,242,65,397,50197.0,0.5823812348481021
20230405,419,459,68,-40,50157.0,0.5632611842793231
20230406,192,703,51,-511,49646.0,0.499854630713047
20230407,435,422,89,13,49659.0,0.5012600792075667
20230410,223,678,47,-455,49204.0,0.4551223874779697
20230411,688,203,57,485,49689.0,0.5127666998455095
20230412,638,254,56,384,50073.0,0.5495812338320168
20230413,539,331,78,208,50281.0,0.562301051296206
20230414,610,263,75,347,50628.0,0.5871081287133489
20230417,491,391,66,100,50728.0,0.5815774402933996
20230418,312,579,57,-267,50461.0,0.5395030602706633
20230419,597,280,72,317,50778.0,0.5651806421391464
20230420,233,650,66,-417,50361.0,0.5103974635107378
20230421,247,642,60,-395,49966.0,0.46811433741174074
20230424,206,699,44,-493,49473.0,0.4243888777718361
20230425,248,643,57,-395,49078.0,0.3978343445416134
20230426,321,550,77,-229,48849.0,0.39250844659865436
20230427,407,468,73,-61,48788.0,0.40571470306123664
20230428,424,452,72,-28,48760.0,0.41995171429377226
20230502,642,249,57,393,49153.0,0.4746038972473992
20230503,343,526,79,-183,48970.0,0.4600771085230577
20230504,431,440,77,-9,48961.0,0.46639645691600556
20230508,573,304,71,269,49230.0,0.5003905083899691
20230509,360,506,82,-146,49084.0,0.48499303195374965
20230510,391,476,81,-85,48999.0,0.4788089156270429
20230511,505,357,86,148,49147.0,0.49827036146747505
20230512,235,652,61,-417,48730.0,0.4558462945162297
20230515,316,552,80,-236,48494.0,0.4391570227022189
20230516,305,565,78,-260,48234.0,0.42305114814612055
20230517,554,320,74,234,48468.0,0.4613813533718935
20230518,582,273,93,309,48777.0,0.5012577899199064
20230519,549,334,65,215,48992.0,0.5231643834544936
20230522,637,236,75,401,49393.0,0.5607104613976835
20230523,427,432,89,-5,49388.0,0.5491430391645138
20230524,399,462,87,-63,49325.0,0.533556056433937
20230525,185,683,80,-498,48827.0,0.47529743536467484
20230526,197,673,78,-476,48351.0,0.43005004377276945
20230530,457,411,81,46,48397.0,0.4475859805145449
20230531,305,560,85,-255,48142.0,0.4303160124336029
20230601,426,436,88,-10,48132.0,0.44193119852983453
20230602,603,273,74,330,48462.0,0.48673573777596674
20230605,658,211,81,447,48909.0,0.5359096354373717
20230607,423,442,85,-19,48890.0,0.5273837637288427
20230608,372,505,73,-133,48757.0,0.5086182281654146
20230609,490,379,81,111,48868.0,0.518663370905085
20230612,306,577,67,-271,48597.0,0.4873692791704633
20230613,388,471,91,-83,48514.0,0.4808817755600435
20230614,238,662,50,-424,48090.0,0.44152953353902546
20230615,244,630,76,-386,47704.0,0.41201074587247494
20230616,600,269,83,331,48035.0,0.4626358451165003
20230619,469,403,80,66,48101.0,0.47631006176754526
20230620,327,548,78,-221,47880.0,0.45765628430331623
20230621,207,681,65,-474,47406.0,0.4168293431769147
20230622,360,495,98,-135,47271.0,0.4175972137954661
20230623,174,724,55,-550,46721.0,0.3769002512548043
20230626,497,383,73,114,46835.0,0.411058883258063
20230627,438,434,81,4,46839.0,0.4276470095714427
20230628,367,506,80,-139,46700.0,0.42632745539964856
20230629,163,740,50,-577,46123.0,0.381633265884722
20230630,616,261,76,355,46478.0,0.43995349514129894
20230703,608,272,73,336,46814.0,0.48558178528089746
20230704,295,588,70,-293,46521.0,0.4580375216336139
20230705,247,633,73,-386,46135.0,0.42579103009692376
20230706,151,756,46,-605,45530.0,0.3786440992965008
20230707,238,659,56,-421,45109.0,0.35804133106523267
20230710,430,452,71,-22,45087.0,0.3815844244481361
20230711,627,251,75,376,45463.0,0.44204598488187735
20230712,497,365,91,132,45595.0,0.4665041922288129
20230713,472,401,80,71,45666.0,0.4799878619537418
20230714,445,430,78,15,45681.0,0.4851848740660485
20230717,371,514,63,-143,45538.0,0.4731892677900437
20230718,173,726,49,-553,44985.0,0.4221432263817619
20230719,274,602,72,-328,44657.0,0.4022599830628695
20230720,447,420,81,27,44684.0,0.42286197418890326
20230721,355,510,83,-155,44529.0,0.4205970014777311
20230724,119,794,35,-675,43854.0,0.36782291756870616
20230725,242,654,52,-412,43442.0,0.3500531663224479
20230726,51,875,22,-824,42618.0,0.2964208804369998
20230727,731,177,40,554,43172.0,0.38890182568393694
20230728,640,252,57,388,43560.0,0.4486449099664335
20230731,715,180,54,535,44095.0,0.5123245048023993
20230801,630,258,61,372,44467.0,0.5481672238309556
20230802,232,655,62,-423,44044.0,0.49605605696858857
20230803,348,525,76,-177,43867.0,0.47834139743852966
20230804,543,333,73,210,44077.0,0.5040726003949115
20230807,361,523,65,-162,43915.0,0.48667231681837886
20230808,253,645,52,-392,43523.0,0.4494113853539317
20230809,567,323,60,244,43767.0,0.4835327065051065
20230810,489,395,66,94,43861.0,0.49619356365226525
20230811,565,326,59,239,44100.0,0.5212709097977263
20230814,290,604,56,-314,43786.0,0.4854734330112371
20230816,136,780,34,-644,43142.0,0.4242003753220165
20230817,240,648,62,-408,42734.0,0.39621308349442624
20230818,360,523,67,-163,42571.0,0.398301799086812
20230821,459,436,56,23,42594.0,0.41912859234578675
20230822,376,499,76,-123,42471.0,0.421053263867332
20230823,368,505,78,-137,42334.0,0.4211408408003361
20230824,540,324,87,216,42550.0,0.45820614247300223
20230825,368,491,92,-123,42427.0,0.4527877751570304
20230828,728,155,67,573,43000.0,0.5203649180657799
20230829,624,249,77,375,43375.0,0.5557125024724391
20230830,462,398,90,64,43439.0,0.5523482842639195
20230831,356,516,78,-160,43279.0,0.5261498472584695
20230901,316,553,81,-237,43042.0,0.49660194114535927
20230904,431,436,83,-5,43037.0,0.4966954961473459
20230905,341,538,71,-197,42840.0,0.4769219226416024
20230906,290,591,69,-301,42539.0,0.45005819055053814
20230907,187,699,64,-512,42027.0,0.40660414646521553
20230908,611,268,71,343,42370.0,0.4590594066280194
20230911,508,359,83,149,42519.0,0.4821265125215933
20230912,234,640,76,-406,42113.0,0.44314615638598426
20230913,322,553,75,-231,41882.0,0.42948321886125984
20230914,611,254,85,357,42239.0,0.47982415752337443
20230915,644,240,67,404,42643.0,0.5250391811246367
20230918,330,551,70,-221,42422.0,0.49768193861698934
20230919,303,580,68,-277,42145.0,0.4695849239358812
20230920,353,521,77,-168,41977.0,0.45764042143536937
20230921,117,800,34,-683,41294.0,0.3976312479534156
20230922,289,596,66,-307,40987.0,0.38470805238304623
20230925,223,664,64,-441,40546.0,0.36047190552155967
20230926,151,741,59,-590,39956.0,0.32571019746505103
20230927,631,249,71,382,40338.0,0.39686206238876076
20231004,77,835,39,-758,39580.0,0.34005620096560485
20231005,298,585,69,-287,39293.0,0.33958886328360566
20231006,655,221,76,434,39727.0,0.4137939599551626
20231010,262,628,62,-366,39361.0,0.39208269859457123
20231011,714,180,58,534,39895.0,0.4660054294175229
20231012,679,203,70,476,40371.0,0.5212483094945678
20231013,280,594,78,-314,40057.0,0.4847242773543031
20231016,252,645,55,-393,39664.0,0.44767194598979315
20231017,583,283,86,300,39964.0,0.48867889429397937
20231018,392,478,82,-86,39878.0,0.48175086126665184
20231019,95,812,45,-717,39161.0,0.41320359632351195
20231020,135,761,56,-626,38535.0,0.36547015023871754
20231023,285,596,71,-311,38224.0,0.3578384915119999
20231024,634,249,69,385,38609.0,0.4233236376038158
20231025,615,270,67,345,38954.0,0.4727039315371744
20231026,81,836,35,-755,38199.0,0.40281803776903935
20231027,448,421,83,27,38226.0,0.42331204868622835
20231030,595,283,74,312,38538.0,0.4695601375769907
20231031,252,644,56,-392,38146.0,0.43532193074481057
20231101,639,253,60,386,38532.0,0.48642116388293305
20231102,696,208,48,488,39020.0,0.5379648621632686
20231103,720,161,71,559,39579.0,0.5887445456704732
20231106,744,153,55,591,40170.0,0.6325057988444035
20231107,245,637,69,-392,39778.0,0.5680097950141079
20231108,381,500,70,-119,39659.0,0.5433649432119348
20231109,435,445,71,-10,39649.0,0.5344473502312524
20231110,261,603,87,-342,39307.0,0.4921993471589035
20231113,285,593,73,-308,38999.0,0.46172698708321136
20231114,712,182,57,530,39529.0,0.5225803679145331
20231115,752,143,56,609,40138.0,0.580333658055009
20231116,549,312,90,237,40375.0,0.5907512951397175
20231117,271,616,65,-345,40030.0,0.5388918303884764
20231120,652,230,70,422,40452.0,0.5753167748529917
20231121,600,274,79,326,40778.0,0.595531698667946
20231122,432,422,99,10,40788.0,0.5792268081713682
20231123,405,471,77,-66,40722.0,0.557972618889899
20231124,455,415,82,40,40762.0,0.5516118710457585
20231127,350,529,73,-179,40583.0,0.5237151217129998
20231128,458,421,73,37,40620.0,0.5232299439312795
20231129,274,601,77,-327,40293.0,0.48503229178793
20231130,564,323,65,241,40534.0,0.5124539085111248
20231201,387,492,73,-105,40429.0,0.49933011378958614
20231204,461,413,78,48,40477.0,0.5044446302339176
20231205,359,518,75,-159,40318.0,0.48715470783003123
20231206,502,373,77,129,40447.0,0.5028928128998956
20231207,355,529,68,-174,40273.0,0.48447297608304907
20231208,542,340,70,202,40475.0,0.5081165207325544
20231211,482,376,94,106,40581.0,0.5178719827396466
20231212,410,457,85,-47,40534.0,0.5096943568540906
20231213,272,599,81,-327,40207.0,0.473801697461561
20231214,467,419,66,48,40255.0,0.48349012267171015
20231215,500,380,72,120,40375.0,0.49888861276445706
20231218,453,432,67,21,40396.0,0.5012478480399487
20231219,364,525,63,-161,40235.0,0.4845571154686194
20231220,685,205,62,480,40715.0,0.5363945347194731
20231221,260,618,74,-358,40357.0,0.4927096307054541
20231222,436,431,86,5,40362.0,0.49455942627604677
20231226,380,494,79,-114,40248.0,0.4836909139887023
20231227,302,593,58,-291,39957.0,0.4570980510085319
20231228,683,210,60,473,40430.0,0.5130507010033157
20240102,440,450,63,-10,40420.0,0.5096563958157874
20240103,281,612,60,-331,40089.0,0.4742042607321066
20240104,279,616,58,-337,39752.0,0.44466382124907244
20240105,343,519,91,-176,39576.0,0.43616345973953846
20240108,361,501,91,-140,39436.0,0.43300528587421844
20240109,574,290,89,284,39720.0,0.47506829787015176
20240110,337,540,76,-203,39517.0,0.45855852338437936
20240111,438,442,73,-4,39513.0,0.4656801141739963
20240112,270,621,62,-351,39162.0,0.4361074212387793
20240115,307,577,69,-270,38892.0,0.4199579024450564
20240116,231,651,71,-420,38472.0,0.39122096780136645
20240117,72,852,29,-780,37692.0,0.3342575332778594
20240118,422,448,83,-26,37666.0,0.3616757038208609
20240119,521,347,85,174,37840.0,0.4050492876255305
20240122,296,579,78,-283,37557.0,0.3929104561092003
20240123,485,381,87,104,37661.0,0.423298771248699
20240124,272,612,69,-340,37321.0,0.40227941423844604
20240125,425,447,81,-22,37299.0,0.4177532154861681
20240126,552,313,88,239,37538.0,0.45782541067365407
20240129,527,362,65,165,37703.0,0.48236640871253766
20240130,497,386,71,111,37814.0,0.4970004993347613
20240131,353,527,73,-174,37640.0,0.4795706564805072
20240201,670,242,41,428,38068.0,0.5259485594489636
20240202,713,182,58,531,38599.0,0.5751666476751043
20240205,437,460,56,-23,38576.0,0.5591689821304466
20240206,265,616,72,-351,38225.0,0.5121918129514303
20240207,644,241,68,403,38628.0,0.5513721407455718
20240208,448,439,66,9,38637.0,0.5429541661957467
20240213,599,287,67,312,38949.0,0.567157451389789
20240214,381,509,63,-128,38821.0,0.5418724397989999
20240215,333,541,79,-208,38613.0,0.5126241534698287
20240216,628,250,75,378,38991.0,0.5494673908385366
20240219,619,263,71,356,39347.0,0.5771667850418782
20240220,280,592,81,-312,39035.0,0.5306093545672081
20240221,317,554,82,-237,38798.0,0.5003075598008918
20240222,351,510,92,-159,38639.0,0.4834635498782716
20240223,342,518,93,-176,38463.0,0.4678655260103406
20240226,233,660,60,-427,38036.0,0.4302387491138254
20240227,150,748,56,-598,37438.0,0.3823840423504694
20240228,561,304,89,257,37695.0,0.43077874615852907
20240229,343,548,63,-205,37490.0,0.42244819563771496
20240304,438,445,70,-7,37483.0,0.4358278400836941
20240305,282,610,61,-328,37155.0,0.4140670505699038
20240306,344,536,73,-192,36963.0,0.40985651244975596
20240307,299,593,61,-294,36669.0,0.3962829272265227
20240308,523,352,78,171,36840.0,0.4329068105879341
20240311,357,518,78,-161,36679.0,0.42837829957194606
20240312,368,496,89,-128,36551.0,0.42793241345448785
20240313,447,431,75,16,36567.0,0.44269226870132145
20240314,511,367,75,144,36711.0,0.4680217754481095
20240315,326,549,78,-223,36488.0,0.4506671669250766
20240318,434,442,77,-8,36480.0,0.4588065529303968
20240319,279,604,70,-325,36155.0,0.43283595965591093
20240320,481,382,90,99,36254.0,0.455476340318915
20240321,655,219,79,436,36690.0,0.50892208164641
20240322,487,384,82,103,36793.0,0.5180503285696908
20240325,339,529,85,-190,36603.0,0.49486899526460243
20240326,456,405,92,51,36654.0,0.5011867642598885
20240327,368,502,83,-134,36520.0,0.4869688990757499
20240328,294,562,97,-268,36252.0,0.46087599813929236
20240329,273,605,76,-332,35920.0,0.433613805891146
20240401,577,296,81,281,36201.0,0.4749457120573502
20240402,222,667,65,-445,35756.0,0.4339953617108967
20240403,246,637,71,-391,35365.0,0.4057408771251411
20240404,418,468,68,-50,35315.0,0.41774858959530836
20240405,247,635,72,-388,34927.0,0.3927116372096019
20240408,278,593,83,-315,34612.0,0.3793410420713985
20240409,371,492,91,-121,34491.0,0.3885328003548459
20240411,271,610,73,-339,34152.0,0.3738186538038977
20240412,371,509,74,-138,34014.0,0.38250451840153615
20240415,303,583,68,-280,33734.0,0.3751375979616098
20240416,124,776,54,-652,33082.0,0.33198126701909486
20240417,409,457,88,-48,33034.0,0.3574912864945229
20240418,770,127,57,643,33677.0,0.44856867901796726
20240419,240,632,82,-392,33285.0,0.41705243879618503
20240422,662,228,64,434,33719.0,0.4764647635094425
20240423,472,406,76,66,33785.0,0.4875776104008712
20240424,612,273,69,339,34124.0,0.5246590310059516
20240425,361,491,102,-130,33994.0,0.5063044654026501
20240426,461,409,83,52,34046.0,0.5105918457787617
20240429,719,167,67,552,34598.0,0.5653046766098754
20240430,442,410,101,32,34630.0,0.5568455249940807
20240502,359,516,78,-157,34473.0,0.5301982866834686
20240503,394,478,81,-84,34389.0,0.5159503913565326
20240507,585,286,82,299,34688.0,0.5442579185725769
20240508,577,283,94,294,34982.0,0.5672892483881337
20240509,355,536,63,-181,34801.0,0.536587336274303
20240510,493,366,95,127,34928.0,0.5433756690376375
20240513,381,485,87,-104,34824.0,0.5245716947805318
20240514,527,344,82,183,35007.0,0.5392044165937364
20240516,534,347,72,187,35194.0,0.5513725951059474
20240517,307,577,69,-270,34924.0,0.5142657719727393
20240520,405,476,72,-71,34853.0,0.504345609944469
20240521,292,588,73,-296,34557.0,0.4729769866487804
20240522,402,478,73,-76,34481.0,0.47003902213412607
20240523,349,534,70,-185,34296.0,0.45643983412950684
20240524,264,621,68,-357,33939.0,0.4276880615142806
20240527,425,443,85,-18,33921.0,0.4389504751308714
20240528,406,467,80,-61,33860.0,0.44369820713352665
20240529,220,676,57,-456,33404.0,0.4076686629793789
20240530,199,683,71,-484,32920.0,0.37456955748611725
20240531,534,335,84,199,33119.0,0.4181931696933699
20240603,637,249,67,388,33507.0,0.47287834343678753
20240604,228,645,80,-417,33090.0,0.4343856236991398
20240605,421,444,88,-23,33067.0,0.44389827435604867
20240607,463,402,88,61,33128.0,0.4605095182198464
20240610,379,500,74,-121,33007.0,0.45517538511089095
20240611,351,513,89,-162,32845.0,0.4462798605452744
20240612,502,375,76,127,32972.0,0.4692118730469421
20240613,396,464,93,-68,32904.0,0.46762155363460167
20240614,395,486,72,-91,32813.0,0.46411838806818245
20240617,362,524,67,-162,32651.0,0.4540201135292106
20240618,378,499,76,-121,32530.0,0.4498373334804664
20240619,342,539,72,-197,32333.0,0.43862967879131337
20240620,499,371,83,128,32461.0,0.4631630496275845
20240621,297,581,75,-284,32177.0,0.4404550029154248
20240624,235,640,79,-405,31772.0,0.40920344394378905
20240625,497,375,82,122,31894.0,0.43843084112498504
20240626,355,515,84,-160,31734.0,0.4329063203770776
20240627,264,622,68,-358,31376.0,0.408372152543281
20240628,581,296,77,285,31661.0,0.4545746242380136
20240701,381,495,79,-114,31547.0,0.4510031483491593
20240702,197,694,64,-497,31050.0,0.40920255551595835
20240703,271,589,95,-318,30732.0,0.39209595979846906
20240704,486,389,80,97,30829.0,0.4217927982766695
20240705,400,463,92,-63,30766.0,0.42937582052195217
20240708,519,348,88,171,30937.0,0.4601467471461458
20240709,455,409,90,46,30983.0,0.47223286045964113
20240710,426,434,94,-8,30975.0,0.47643576532321585
20240711,442,415,98,27,31002.0,0.48358428534400805
20240712,428,433,94,-5,30997.0,0.48604103337881094
20240715,495,382,78,113,31110.0,0.500292513367778
20240716,359,500,96,-141,30969.0,0.4853171151281926
20240717,412,462,81,-50,30919.0,0.48278598165158754
20240718,277,605,73,-328,30591.0,0.4521083407905897
20240719,305,575,75,-270,30321.0,0.4329233532088296
20240722,212,676,67,-464,29857.0,0.39761705966881306
20240723,367,497,91,-130,29727.0,0.40255368855057766
20240724,370,491,94,-121,29606.0,0.40749535767906514
20240725,160,732,63,-572,29034.0,0.3660184194300382
20240726,596,289,70,307,29341.0,0.4219144027488705
20240729,636,246,75,390,29731.0,0.47630968140801216
20240730,227,667,63,-440,29291.0,0.43587428275461315
20240731,589,304,64,285,29576.0,0.4765470437237937
20240801,633,251,73,382,29958.0,0.5200954627587929
20240802,60,871,26,-811,29147.0,0.4372502570506714
20240805,10,924,23,-914,28233.0,0.35969687178975507
20240806,856,73,28,783,29016.0,0.4618285101315336
20240807,730,176,51,554,29570.0,0.5243577836255795
20240808,424,468,65,-44,29526.0,0.5154447907609205
20240809,703,202,52,501,30027.0,0.5629631160972072
20240812,677,204,76,473,30500.0,0.6003234493380204
20240813,325,563,69,-238,30262.0,0.5577175478203786
20240814,652,236,69,416,30678.0,0.589811490804716
20240816,476,414,67,62,30740.0,0.5798151216900689
20240819,349,535,74,-186,30554.0,0.5461753504901469
20240820,649,245,64,404,30958.0,0.5788617927642589
20240821,409,450,99,-41,30917.0,0.5601842014880395
20240822,285,599,74,-314,30603.0,0.5169503812257139
20240823,429,432,97,-3,30600.0,0.5135517373158122
20240826,378,509,71,-131,30469.0,0.49766152700544514
20240827,437,424,97,13,30482.0,0.49945931504225466
20240828,260,628,70,-368,30114.0,0.46188358372417065
20240829,283,592,83,-309,29805.0,0.4367099451249708
20240830,583,293,82,290,30095.0,0.4783127031304763
20240902,327,536,95,-209,29886.0,0.4602396255361223
20240903,458,420,80,38,29924.0,0.471403346550677
20240904,52,862,44,-810,29114.0,0.39603778881299667
20240905,358,523,77,-165,28949.0,0.3979139023318801
20240906,138,764,56,-626,28323.0,0.35338289247432
20240909,504,374,80,130,28453.0,0.39350089214455125
20240910,343,535,80,-192,28261.0,0.3929844739828374
20240911,345,528,85,-183,28078.0,0.3933852975198535
20240912,766,127,65,639,28717.0,0.4778211988361053
20240913,602,271,85,331,29048.0,0.5163221034317691
20240919,498,373,87,125,29173.0,0.5264011031000562
20240920,567,319,72,248,29421.0,0.5470472394951619
20240923,437,451,70,-14,29407.0,0.5370599445173355
20240924,608,265,85,343,29750.0,0.5660397775770806
20240925,357,518,83,-161,29589.0,0.5373052725630659
20240926,750,141,67,609,30198.0,0.5926590124153888
20240927,417,459,83,-42,30156.0,0.5714532642053679
20240930,182,711,66,-529,29627.0,0.5046085599530227
20241002,181,706,72,-525,29102.0,0.4499631171574234
20241004,464,414,81,50,29152.0,0.4642377875106605
20241007,621,261,77,360,29512.0,0.5078457593547334
20241008,306,572,80,-266,29246.0,0.4788773235060161
20241010,442,428,88,14,29260.0,0.4841807150524666
20241011,369,489,100,-120,29140.0,0.47434239051018723
20241014,487,398,73,89,29229.0,0.4881496805766452
20241015,419,448,91,-29,29200.0,0.4872634956002477
20241016,324,555,79,-231,28969.0,0.4656884386899947
20241017,359,515,84,-156,28813.0,0.4557005677902536
20241018,269,592,97,-323,28490.0,0.4296509027353685
20241021,436,429,93,7,28497.0,0.4431773281970408
20241022,196,692,70,-496,28001.0,0.4027306722922553
20241023,450,411,97,39,28040.0,0.4245338379888804
20241024,257,617,84,-360,27680.0,0.40080956621807085
20241025,260,620,78,-360,27320.0,0.3816541078974298
20241028,617,274,67,343,27663.0,0.4381679717609927
20241029,409,445,104,-36,27627.0,0.4455779253731094
20241030,352,516,90,-164,27463.0,0.43829647601746236
20241031,473,405,80,68,27531.0,0.4565560937554346
20241101,290,601,67,-311,27220.0,0.4327235298260208
20241104,622,256,80,366,27586.0,0.4828516600419565
20241105,515,359,84,156,27742.0,0.5021958766267973
20241106,325,556,78,-231,27511.0,0.47796007695530657
20241107,355,513,91,-158,27353.0,0.4654193675298339
20241108,391,470,98,-79,27274.0,0.463365503007991
20241111,187,730,42,-543,26731.0,0.4161946561242143
20241112,121,791,47,-670,26061.0,0.36464570748281006
20241113,107,803,49,-696,25365.0,0.3197251093191023
20241114,430,452,77,-22,25343.0,0.3502347884740295
20241115,508,391,60,117,25460.0,0.38929615467118744
20241118,617,284,58,333,25793.0,0.4430231579284289
20241119,460,412,87,48,25841.0,0.45838675390140843
20241120,437,422,100,15,25856.0,0.46754026822010675
20241121,394,479,86,-85,25771.0,0.46459063703065484
20241122,518,357,84,161,25932.0,0.4877559757523539
20241125,611,285,63,326,26258.0,0.5230584606804973
20241126,487,391,81,96,26354.0,0.5288059594426682
20241127,375,518,66,-143,26211.0,0.5090108414985975
20241128,517,363,79,154,26365.0,0.5232815975897616
20241129,171,727,62,-556,25809.0,0.46276188213408104
20241202,217,678,65,-461,25348.0,0.4227066491203679
20241203,735,166,59,569,25917.0,0.49417094316588267
20241204,176,737,47,-561,25356.0,0.439370968833422
20241205,177,727,56,-550,24806.0,0.39508469453225276
20241206,250,660,50,-410,24396.0,0.37320116365825673
20241209,60,870,29,-810,23586.0,0.3170766119080751
20241210,878,48,33,830,24416.0,0.43181980008265247
20241211,812,102,45,710,25126.0,0.5148348593077282
20241212,618,280,61,338,25464.0,0.546355065086562
20241213,635,255,69,380,25844.0,0.5767419889012626
20241216,491,398,71,93,25937.0,0.5722990748746295
20241217,386,496,78,-110,25827.0,0.5478159200530621
20241218,583,306,71,277,26104.0,0.5674481211110083
20241219,214,684,62,-470,25634.0,0.5076043444846293
20241220,205,707,48,-502,25132.0,0.4561818639882214
20241223,719,188,54,531,25663.0,0.5173712093551018
20241224,392,485,84,-93,25570.0,0.5045725049694018
20241226,302,592,67,-290,25280.0,0.4742516142956891
20241227,115,808,38,-693,24587.0,0.4106774509952023
20241230,444,443,74,1,24588.0,0.427020404970247
20250102,455,427,79,28,24616.0,0.4431754251343868
20250103,691,206,64,485,25101.0,0.5026609108249624
20250106,630,259,72,371,25472.0,0.5401155483700301
20250107,446,428,87,18,25490.0,0.5346940819095752
20250108,460,411,90,49,25539.0,0.5335003557133035
20250109,364,521,76,-157,25382.0,0.511282006497839
20250110,463,410,88,53,25435.0,0.5147498412010331
20250113,262,640,59,-378,25057.0,0.47397089406067183
20250114,513,364,84,149,25206.0,0.49414867490627995
20250115,270,597,94,-327,24879.0,0.4609250403998849
20250116,600,281,80,319,25198.0,0.5009467181230717
20250117,435,448,78,-13,25185.0,0.49943617511830024
20250120,389,491,81,-102,25083.0,0.48900149865051007
20250121,388,487,86,-99,24984.0,0.48071551188288486
20250122,403,483,75,-80,24904.0,0.4760132866564871
20250123,191,700,70,-509,24395.0,0.4284410310884981
20250124,545,323,93,222,24617.0,0.4647026953145525
20250131,335,563,63,-228,24389.0,0.44803879161087395
20250203,96,825,40,-729,23660.0,0.38552892544295075
20250204,693,209,59,484,24144.0,0.455122335894565
20250205,590,303,69,287,24431.0,0.4924990546253302
20250206,599,282,81,317,24748.0,0.5265736254384731
20250207,291,601,70,-310,24438.0,0.49014809060538744
20250210,416,458,88,-42,24396.0,0.48757071777636546
20250211,472,410,80,62,24458.0,0.4962210222334352
20250212,333,555,74,-222,24236.0,0.4741808363728106
20250213,573,312,77,261,24497.0,0.5056857074175076
20250214,498,367,97,131,24628.0,0.5184196775875246
20250217,620,267,75,353,24981.0,0.5512497987271916
20250218,480,398,84,82,25063.0,0.5504220241812247
20250219,575,306,81,269,25332.0,0.5690120967632782
20250220,452,417,93,35,25367.0,0.5601259136714718
20250221,510,371,81,139,25506.0,0.5635371344031679
20250224,451,423,87,28,25534.0,0.5548973475364384
20250225,360,530,71,-170,25364.0,0.5275513538066262
20250226,545,337,79,208,25572.0,0.5439808953326116
20250227,322,566,73,-244,25328.0,0.5110048439289754
20250228,95,836,30,-741,24587.0,0.4366477480012581
20250304,311,594,56,-283,24304.0,0.41973841360826186
20250305,716,180,65,536,24840.0,0.4887145461989675
20250306,486,395,80,91,24931.0,0.5001566027047377
20250307,351,542,68,-191,24740.0,0.4806839678242876
20250310,408,469,84,-61,24679.0,0.47787276438655557
20250311,181,733,47,-552,24127.0,0.42699237714778254
20250312,511,354,96,157,24284.0,0.45676675313667753
20250313,333,540,88,-207,24077.0,0.44307157965165833
20250314,510,359,93,151,24228.0,0.469218832979979
20250317,530,358,75,172,24400.0,0.4924239264103186
20250318,436,433,94,3,24403.0,0.4941152346955855
20250319,506,371,86,135,24538.0,0.5091791797918789
20250320,334,545,84,-211,24327.0,0.48568791926089083
20250321,317,566,80,-249,24078.0,0.46265436985136404
20250324,406,463,94,-57,24021.0,0.46348151758630796
20250325,305,579,79,-274,23747.0,0.4419435370132318
20250326,458,417,88,41,23788.0,0.4567589978160208
20250327,282,611,70,-329,23459.0,0.43112817524660074
20250328,170,730,63,-560,22899.0,0.38708466863610763
20250331,88,826,49,-738,22161.0,0.33421110843451574
20250401,716,182,64,534,22695.0,0.41841406948448634
20250402,276,595,91,-319,22376.0,0.39995281188695214
20250403,277,609,76,-332,22044.0,0.3840779521841326
20250404,562,330,70,232,22276.0,0.42879920506871344
20250407,68,866,28,-798,21478.0,0.36407301127191016
20250408,548,343,71,205,21683.0,0.40970324225991706
20250409,145,762,55,-617,21066.0,0.3642785974308613
20250410,877,47,38,830,21896.0,0.47061597955874085
20250411,537,343,82,194,22090.0,0.49599985104392846
20250414,637,255,70,382,22472.0,0.5356590709519626
20250415,709,181,72,528,23000.0,0.5831081877758142
20250416,302,577,83,-275,22725.0,0.5395561974862412
20250417,641,225,96,416,23141.0,0.5760341174897925
20250418,621,248,93,373,23514.0,0.6012305505688531
20250421,500,373,89,127,23641.0,0.5960500297635613
20250422,462,416,84,46,23687.0,0.5833492788560427
20250423,629,255,78,374,24061.0,0.6066564029801188
20250424,404,458,100,-54,24007.0,0.5815693286563764
20250425,647,239,76,408,24415.0,0.6086018701729885
20250428,367,522,73,-155,24260.0,0.5730057841552388
20250429,660,238,64,422,24682.0,0.6024532038411258
20250430,345,551,66,-206,24476.0,0.5629243745713106
20250502,420,452,90,-32,24444.0,0.5481474657668521
20250507,461,417,84,44,24488.0,0.5439491897380063
20250508,532,341,89,191,24679.0,0.5558480457952218
20250509,353,539,70,-186,24493.0,0.526737475707709
20250512,661,240,61,421,24914.0,0.5643541711748372
20250513,452,420,90,32,24946.0,0.5559895262072688
20250514,590,293,79,297,25243.0,0.5763871887953428
20250515,298,593,71,-295,24948.0,0.5323996395214624
20250516,316,581,65,-265,24683.0,0.4996515952018613
20250519,240,646,76,-406,24277.0,0.4580568253785801
20250520,554,337,71,217,24494.0,0.4878234550261028
20250521,540,335,87,205,24699.0,0.5113360735927853
20250522,258,635,70,-377,24322.0,0.47089565544795026
20250523,494,398,71,96,24418.0,0.48597129249247295
20250526,637,260,66,377,24795.0,0.5267301352277018
20250527,361,517,84,-156,24639.0,0.5057176981330813
20250528,579,312,71,267,24906.0,0.5319202348055483
20250529,751,153,58,598,25504.0,0.5862533216389723
20250530,396,489,77,-93,25411.0,0.5610177408170943
20250602,371,525,66,-154,25257.0,0.5342986061230771
20250604,800,120,42,680,25937.0,0.5952561718082093
20250605,572,314,76,258,26195.0,0.6044092667759758
20250609,700,204,58,496,26691.0,0.6353050879414057
20250610,431,463,68,-32,26659.0,0.6074501461843146
20250611,601,284,77,317,26976.0,0.6204766732776646
20250612,521,375,66,146,27122.0,0.6133851352791282
20250613,150,766,46,-616,26506.0,0.5316342849584291
20250616,621,280,61,341,26847.0,0.5602888121004844
20250617,324,564,74,-240,26607.0,0.5247571853303717
20250618,428,458,76,-30,26577.0,0.5171776929842381
20250619,432,443,87,-11,26566.0,0.5129116189351558
20250620,489,391,82,98,26664.0,0.5206880187981853
20250623,267,647,48,-380,26284.0,0.4791306587063728
20250624,767,139,56,628,26912.0,0.5459393328408352
20250625,468,422,72,46,26958.0,0.5422853989841766
20250626,181,727,54,-546,26412.0,0.479931545904955
20250627,247,661,54,-414,25998.0,0.4421306160527926
20250630,489,398,75,91,26089.0,0.4619789595110631
20250701,709,185,68,524,26613.0,0.5221763990467778
20250702,454,433,75,21,26634.0,0.5202966274049838
20250703,610,283,69,327,26961.0,0.5498955506926453
20250704,161,741,60,-580,26381.0,0.4823676759245005
20250707,429,461,72,-32,26349.0,0.4823049115582481
20250708,645,241,76,404,26753.0,0.5269751041212262
20250709,701,199,62,502,27255.0,0.5727776104426193
20250710,599,289,75,310,27565.0,0.5912815993711521
20250711,476,411,76,65,27630.0,0.5813468287157842
20250714,530,363,70,167,27797.0,0.5835574124390469
20250715,365,513,84,-148,27649.0,0.5530410719707339
20250716,191,706,65,-515,27134.0,0.4912030580743625
20250717,391,473,98,-82,27052.0,0.4841745559328959
20250718,305,591,66,-286,26766.0,0.4580340522567849
20250721,391,491,80,-100,26666.0,0.45535707140943704
20250722,210,687,65,-477,26189.0,0.41513100613037246
20250723,391,500,71,-109,26080.0,0.41944041813686933
20250724,193,709,60,-516,25564.0,0.3820819708158743
20250725,374,504,84,-130,25434.0,0.390061268729244
20250728,180,725,57,-545,24889.0,0.3553037703465286
20250729,469,411,82,58,24947.0,0.3876039112752589
20250730,476,408,78,68,25015.0,0.41503257076367334
20250731,406,468,87,-62,24953.0,0.42403226561546226
20250801,38,885,39,-847,24106.0,0.35442096232321924
20250804,678,212,72,466,24572.0,0.4284894696842682
20250805,687,190,85,497,25069.0,0.49300999110790183
20250806,647,237,78,410,25479.0,0.5364446204498629
20250807,459,409,94,50,25529.0,0.5350550246077009
20250808,386,488,88,-102,25427.0,0.5180718559979379
20250811,299,581,82,-282,25145.0,0.48565383259335415
20250812,345,548,69,-203,24942.0,0.4675964422837002
20250813,413,470,79,-57,24885.0,0.4676195744701498
20250814,379,498,85,-119,24766.0,0.46117148349672354
20250818,198,701,63,-503,24263.0,0.4173666167430468
20250819,271,613,78,-342,23921.0,0.39722015660301113
20250820,243,645,73,-402,23519.0,0.3747526097022179
20250821,517,361,83,156,23675.0,0.4136772749913984
20250822,462,412,87,50,23725.0,0.43457306480989594
20250825,602,271,88,331,24056.0,0.4809372665012342
20250826,322,543,96,-221,23835.0,0.4611767335483035
20250827,336,523,102,-187,23648.0,0.44844505525049577
20250828,483,383,95,100,23748.0,0.46831626712390967
20250829,301,581,79,-280,23468.0,0.4452169169686245
20250901,201,696,64,-495,22973.0,0.4050102534395161
20250902,486,378,97,108,23081.0,0.4336447528141495
20250903,503,371,87,132,23213.0,0.45943932032828166
20250904,610,249,102,361,23574.0,0.5050190904283993
20250905,451,404,106,47,23621.0,0.5091038703717738
20250908,543,325,93,218,23839.0,0.530280627916244
20250909,590,289,82,301,24140.0,0.5559054760001454
20250910,637,245,79,392,24532.0,0.5861448844041593
20250911,463,406,91,57,24589.0,0.5764451449863929
20250912,524,344,92,180,24769.0,0.5813981433424488
20250915,483,399,78,84,24853.0,0.5752564895745577
20250916,298,571,91,-273,24580.0,0.5330140187218971
20250917,305,567,88,-262,24318.0,0.49969704117279484
20250918,591,264,105,327,24645.0,0.534520864627821
20250919,242,640,78,-398,24247.0,0.4872218741925008
20250922,334,547,79,-213,24034.0,0.46756601387600233
20250923,270,601,89,-331,23703.0,0.4389155602519551
20250924,194,686,80,-492,23211.0,0.39919537574333513
20250925,338,534,87,-196,23015.0,0.39708979449892556
20250926,121,779,59,-658,22357.0,0.34933609448901987
20250929,597,271,91,326,22683.0,0.4108728079334125
20250930,281,585,92,-304,22379.0,0.3951650918573396
20251001,387,477,95,-90,22289.0,0.40475628727721724
20251002,586,297,76,289,22578.0,0.4518272639752955
20251010,276,624,59,-348,22230.0,0.4254344281009993
20251013,274,596,89,-322,21908.0,0.4053449918527507
20251014,317,564,78,-247,21661.0,0.39706742755138374
20251015,761,127,71,634,22295.0,0.4806882556296743
20251016,492,391,76,101,22396.0,0.4945979169658212
20251017,222,672,65,-450,21946.0,0.44982050436312765
20251020,595,289,75,306,22252.0,0.49041258049290865
20251021,370,498,91,-128,22124.0,0.4787497987861963
20251022,637,249,73,388,22512.0,0.5224246763309182
20251023,260,609,90,-349,22163.0,0.4818373672543269
20251024,476,408,75,68,22231.0,0.49213267111018355
20251027,562,322,74,240,22471.0,0.518244295696485
20251028,379,503,76,-124,22347.0,0.5021462811006697
20251029,305,566,87,-261,22086.0,0.4745146328721584
20251030,191,707,60,-516,21570.0,0.42691104098732374
20251031,319,560,79,-241,21329.0,0.4152749245269126
20251103,288,615,55,-327,21002.0,0.3977589158995488
20251104,381,507,70,-126,20876.0,0.4034489410185497
20251105,173,734,51,-561,20315.0,0.3647743515620348
20251106,633,267,58,366,20681.0,0.42633053006590726
20251107,212,679,67,-467,20214.0,0.3920767799814825
20251110,807,99,52,708,20922.0,0.48274072486142966
20251111,340,543,75,-203,20719.0,0.46497894990978905
20251112,788,119,51,669,21388.0,0.5384006382794034
20251113,477,385,96,92,21480.0,0.541121298436154
20251114,171,719,68,-548,20932.0,0.47766921353152125
20251117,393,493,72,-100,20832.0,0.4714687367843577
20251118,83,821,54,-738,20094.0,0.4024406317857536
20251119,465,419,74,46,20140.0,0.4249092622878914
20251120,751,141,66,610,20750.0,0.5007308966211977
20251121,178,721,58,-543,20207.0,0.4456885109275064
20251124,306,580,73,-274,19933.0,0.4274492290309805
20251125,328,554,77,-226,19707.0,0.4173461121467659
20251126,773,125,61,648,20355.0,0.49797441570866186
20251127,391,483,85,-92,20263.0,0.4887733257712018
20251128,595,282,81,313,20576.0,0.5232598590558822
20251201,382,491,85,-109,20467.0,0.5076801741749523
20251202,642,226,90,416,20883.0,0.54985311276233
20251203,656,228,74,428,21311.0,0.5848037191625973
20251204,285,594,79,-309,21002.0,0.5374270578441729
20251205,599,278,81,321,21323.0,0.5638967313739045
20251208,315,553,90,-238,21085.0,0.5273524576343676
20251209,401,476,81,-75,21010.0,0.5146048458700179
20251210,283,593,82,-310,20700.0,0.47977839402648614
20251211,551,327,80,224,20924.0,0.5066482573614923
20251212,657,222,79,435,21359.0,0.5504286238480469
20251215,351,532,75,-181,21178.0,0.522624963834081
20251216,185,716,57,-531,20647.0,0.4649345002250593
20251217,534,343,81,191,20838.0,0.4911089468514971
20251218,196,688,74,-492,20346.0,0.4421290396082384
20251219,608,276,74,332,20678.0,0.4867933606667158
20251222,536,342,80,194,20872.0,0.50928154234711
20251223,217,659,82,-442,20430.0,0.4617243337343934
20251224,380,483,95,-103,20327.0,0.45783344570894696
20251226,246,643,69,-397,19930.0,0.4249028938661708
20251229,318,573,67,-255,19675.0,0.4125391598727501
20251230,332,545,81,-213,19462.0,0.40636172788178876
20260102,373,523,62,-150,19312.0,0.40816771242276223
20260105,437,449,72,-12,19300.0,0.4236332176132881
20260106,396,484,78,-88,19212.0,0.4284271780472357
20260107,200,686,70,-486,18726.0,0.3915738064589223
20260108,177,730,49,-553,18173.0,0.35586017661864117
20260109,540,341,75,199,18372.0,0.402601933795192
20260112,531,350,75,181,18553.0,0.4389877962090679
20260113,449,432,75,17,18570.0,0.45183512910346707
20260114,559,336,61,223,18793.0,0.48324347028221704
20260115,485,390,79,95,18888.0,0.4961602419192165
20260116,374,507,73,-133,18755.0,0.48313430586910194
20260119,398,489,67,-91,18664.0,0.47687415842503234
20260120,670,228,56,442,19106.0,0.5258247568729613
20260121,186,714,54,-528,18578.0,0.4677960131990895
20260122,565,317,72,248,18826.0,0.4992130233739819
20260123,681,212,61,469,19295.0,0.5471011980918957
20260126,505,392,55,113,19408.0,0.5499896596935111
20260127,411,475,65,-64,19344.0,0.5343338340238105
20260128,432,441,78,-9,19335.0,0.5271541116239798
20260129,581,286,84,295,19630.0,0.5531491593794605
20260130,280,604,67,-324,19306.0,0.5101660543010066
20260202,116,799,36,-683,18623.0,0.4404587637524877
20260203,827,76,48,751,19374.0,0.5268910070488741
20260204,751,156,44,595,19969.0,0.5816388985205934
20260205,308,579,64,-271,19698.0,0.5390205316070408
20260206,192,703,56,-511,19187.0,0.48002136943572504
20260209,717,174,60,543,19730.0,0.5390563576681031
20260210,691,209,51,482,20212.0,0.5806420704153167
20260211,541,340,70,201,20413.0,0.5867207694069803
20260212,618,274,58,344,20757.0,0.6060124680798245
20260213,337,548,65,-211,20546.0,0.5650631030565795
20260219,668,233,49,435,20981.0,0.5971240745319143
20260220,546,341,63,205,21186.0,0.6004757084132696
20260223,547,348,55,199,21385.0,0.6024207040395009
20260224,408,467,75,-59,21326.0,0.5776688877206305
20260225,448,435,67,13,21339.0,0.5648856842083652
20260226,240,662,48,-422,20917.0,0.5105565394480456
20260227,264,629,57,-365,20552.0,0.4714794775062549
20260303,75,842,33,-767,19785.0,0.4006265616991297
20260304,13,911,26,-898,18887.0,0.33034341667551775
20260305,902,21,28,881,19768.0,0.44796245073609037
20260306,526,362,63,164,19932.0,0.47421334011904526
20260309,73,851,27,-778,19154.0,0.4023571562800059
20260310,756,147,48,609,19763.0,0.48142118283374685
20260311,703,200,48,503,20266.0,0.5354384327886701
20260312,572,322,57,250,20516.0,0.5544170866603253
20260313,338,554,59,-216,20300.0,0.5225092103250195
20260316,250,646,55,-396,19904.0,0.47823805520098994
20260317,631,259,61,372,20276.0,0.5201927295362543
20260318,616,280,55,336,20612.0,0.5506122332569353
20260319,206,680,65,-474,20138.0,0.4927746714540121
20260320,745,159,47,586,20724.0,0.5530183755983349
20260323,53,864,34,-811,19913.0,0.46297815542907284
20260324,707,192,52,515,20428.0,0.5217874664350923
20260325,719,166,66,553,20981.0,0.5746314504525434
20260326,228,664,59,-436,20545.0,0.5166267105822481
20260327,437,444,70,-7,20538.0,0.5128813526165148
20260330,155,752,43,-597,19941.0,0.45070166196337674
20260331,117,793,40,-676,19265.0,0.39213252861938613
20260401,840,71,39,769,20034.0,0.48848364456145565
20260402,91,817,42,-726,19308.0,0.4178903026988602
20260403,666,226,58,440,19748.0,0.47766238789914894
20260406,353,516,81,-163,19585.0,0.4646717790312003
20260407,287,580,83,-293,19292.0,0.4403726425270479
20260408,784,107,59,677,19969.0,0.5202885644755022
20260409,357,511,82,-154,19815.0,0.5004707023128009
20260410,719,164,67,555,20370.0,0.5575250356511714
20260413,346,525,79,-179,20191.0,0.5283831285324635
20260414,671,199,80,472,20663.0,0.5725433538567596
