date,advances,declines,unchanged,ad_diff,ad_line,breadth_thrust_ema10,open,high,low,close
20240419,240,632,82,-392,49608.0,0.27522935779816515,2600.69,2609.9,2553.55,2591.86
20240422,662,228,64,434,50042.0,0.3604276972383353,2615.72,2629.44,2604.37,2629.44
20240423,472,406,76,66,50108.0,0.3926381925426926,2632.15,2641.78,2619.72,2623.02
20240424,612,273,69,339,50447.0,0.4469813254856237,2662.84,2677.85,2662.84,2675.75
20240425,361,491,102,-130,50317.0,0.44274997906783636,2646.8,2656.51,2628.62,2628.62
20240426,461,409,83,52,50369.0,0.45859272059573236,2650.94,2662.1,2641.35,2656.33
20240429,719,167,67,552,50921.0,0.5227599378237605,2675.46,2687.44,2665.21,2687.44
20240430,442,410,101,32,50953.0,0.5220361932599867,2693.22,2710.23,2687.29,2692.06
20240502,359,516,78,-157,50796.0,0.5017179243555735,2679.04,2692.47,2678.84,2683.65
20240503,394,478,81,-84,50712.0,0.4926482767246185,2704.31,2705.26,2676.63,2676.63
20240507,585,286,82,299,51011.0,0.5251925520555563,2718.17,2734.36,2716.62,2734.36
20240508,577,283,94,294,51305.0,0.551690312146935,2732.11,2745.05,2727.93,2745.05
20240509,355,536,63,-181,51124.0,0.5238245702587768,2743.29,2749.14,2710.25,2712.14
20240510,493,366,95,127,51251.0,0.5329334059340252,2737.95,2743.58,2723.21,2727.63
20240513,381,485,87,-104,51147.0,0.5160280249684854,2735.2,2738.38,2713.92,2727.21
20240514,527,344,82,183,51330.0,0.5322141412929712,2732.98,2735.82,2722.74,2730.34
20240516,534,347,72,187,51517.0,0.5456532789507758,2770.27,2773.46,2748.22,2753.0
20240517,307,577,69,-270,51247.0,0.5095863314821444,2751.47,2752.17,2724.62,2724.62
20240520,405,476,72,-71,51176.0,0.5005169768158005,2741.24,2756.41,2734.64,2742.14
20240521,292,588,73,-296,50880.0,0.4698444686344153,2733.03,2734.48,2719.74,2724.18
20240522,402,478,73,-76,50804.0,0.46747605284964555,2723.46,2733.07,2707.87,2723.46
20240523,349,534,70,-185,50619.0,0.45434285926038637,2719.03,2734.27,2704.0,2721.81
20240524,264,621,68,-357,50262.0,0.425972354803182,2693.65,2696.99,2681.17,2687.6
20240527,425,443,85,-18,50244.0,0.437546715094518,2697.16,2725.08,2693.66,2722.99
20240528,406,467,80,-61,50183.0,0.44254967619469204,2715.52,2730.12,2714.34,2722.85
20240529,220,676,57,-456,49727.0,0.40672895584760516,2719.56,2721.63,2677.07,2677.3
20240530,199,683,71,-484,49243.0,0.3738007061964842,2666.63,2666.63,2635.44,2635.44
20240531,534,335,84,199,49442.0,0.4175641095473065,2657.87,2664.48,2635.77,2636.52
20240603,637,249,67,388,49830.0,0.47236365786273565,2657.81,2690.73,2657.81,2682.52
20240604,228,645,80,-417,49413.0,0.43396451732037006,2668.73,2679.47,2659.43,2662.1
20240605,421,444,88,-23,49390.0,0.44355373277341886,2681.11,2697.43,2667.63,2689.5
20240607,463,402,88,61,49451.0,0.46022762056133115,2718.25,2729.63,2705.23,2722.67
20240610,379,500,74,-121,49330.0,0.45494474157210574,2698.71,2718.89,2689.19,2701.17
20240611,351,513,89,-162,49168.0,0.4460911521953592,2716.72,2718.88,2702.17,2705.32
20240612,502,375,76,127,49295.0,0.4690574753061024,2709.65,2730.3,2707.44,2728.17
20240613,396,464,93,-68,49227.0,0.4674952282102783,2764.18,2776.72,2752.61,2754.89
20240614,395,486,72,-91,49136.0,0.464015030902827,2759.22,2769.16,2750.86,2758.42
20240617,362,524,67,-162,48974.0,0.4539355485757379,2754.83,2759.86,2741.03,2744.1
20240618,378,499,76,-121,48853.0,0.4497681439730796,2765.7,2772.35,2759.03,2763.92
20240619,342,539,72,-197,48656.0,0.43857306919436057,2786.16,2799.32,2786.16,2797.33
20240620,499,371,83,128,48784.0,0.4631167326846231,2802.1,2812.62,2796.37,2807.63
20240621,297,581,75,-284,48500.0,0.44041710723482,2794.87,2797.0,2777.33,2784.26
20240624,235,640,79,-405,48095.0,0.4091724383869306,2772.85,2782.9,2758.09,2764.73
20240625,497,375,82,122,48217.0,0.43840547294210086,2765.76,2780.42,2765.76,2774.39
20240626,355,515,84,-160,48057.0,0.43288556459108146,2767.43,2792.07,2762.98,2792.05
20240627,264,622,68,-358,47699.0,0.4083551705365569,2767.62,2784.33,2761.55,2784.06
20240628,581,296,77,285,47984.0,0.45456072986887563,2792.79,2797.82,2782.4,2797.82
20240701,381,495,79,-114,47870.0,0.45099178022895553,2792.96,2805.95,2783.98,2804.31
20240702,197,694,64,-497,47373.0,0.4091932543267008,2798.65,2805.42,2776.62,2780.86
20240703,271,589,95,-318,47055.0,0.39208834973453105,2797.14,2799.7,2774.71,2794.01
20240704,486,389,80,97,47152.0,0.42178657186072016,2817.06,2824.94,2808.88,2824.94
20240705,400,463,92,-63,47089.0,0.42937072618162997,2836.21,2871.96,2836.21,2862.23
20240708,519,348,88,171,47260.0,0.46014257904951855,2862.58,2868.99,2855.53,2857.76
20240709,455,409,90,46,47306.0,0.47222945019876433,2872.63,2875.37,2854.13,2867.38
20240710,426,434,94,-8,47298.0,0.47643297510977123,2863.05,2871.56,2858.87,2867.99
20240711,442,415,98,27,47325.0,0.48358200244209876,2888.76,2896.43,2879.28,2891.35
20240712,428,433,94,-5,47320.0,0.48603916554997606,2867.75,2872.25,2844.88,2857.0
20240715,495,382,78,113,47433.0,0.5002909851441858,2869.15,2872.9,2848.93,2860.92
20240716,359,500,96,-141,47292.0,0.4853158647634353,2861.71,2872.21,2857.07,2866.09
20240717,412,462,81,-50,47242.0,0.482784958625877,2865.9,2868.58,2841.33,2843.29
20240718,277,605,73,-328,46914.0,0.45210750376955383,2805.64,2824.35,2799.02,2824.35
20240719,305,575,75,-270,46644.0,0.43292266837343657,2800.21,2802.68,2776.99,2795.46
20240722,212,676,67,-464,46180.0,0.39761649934894605,2790.99,2795.12,2752.63,2763.51
20240723,367,497,91,-130,46050.0,0.40255323010705013,2788.83,2796.92,2765.81,2774.29
20240724,370,491,94,-121,45929.0,0.40749498258890626,2755.5,2778.31,2748.65,2758.71
20240725,160,732,63,-572,45357.0,0.36601811253809,2721.29,2725.15,2703.86,2710.65
20240726,596,289,70,307,45664.0,0.4219141516554583,2724.99,2738.4,2715.75,2731.9
20240729,636,246,75,390,46054.0,0.47630947596794765,2748.32,2776.86,2742.69,2765.53
20240730,227,667,63,-440,45614.0,0.43587411466728765,2744.4,2754.53,2732.82,2738.19
20240731,589,304,64,285,45899.0,0.4765469061978001,2745.58,2770.7,2733.63,2770.69
20240801,633,251,73,382,46281.0,0.5200953502375254,2787.27,2794.11,2772.97,2777.68
20240802,60,871,26,-811,45470.0,0.43725016498781616,2719.39,2725.05,2666.4,2676.19
20240805,10,924,23,-914,44556.0,0.35969679646560077,2611.3,2611.3,2386.96,2441.55
20240806,856,73,28,783,45339.0,0.46182844850268007,2533.34,2578.77,2491.47,2522.15
20240807,730,176,51,554,45893.0,0.524357733201972,2515.27,2594.83,2510.82,2568.41
20240808,424,468,65,-44,45849.0,0.5154447495052417,2530.21,2570.34,2518.52,2556.73
20240809,703,202,52,501,46350.0,0.5629630823425609,2603.08,2603.08,2575.9,2588.43
20240812,677,204,76,473,46823.0,0.6003234217205825,2602.16,2622.86,2602.01,2618.3
20240813,325,563,69,-238,46585.0,0.5577175252242931,2624.5,2636.12,2607.52,2621.5
20240814,652,236,69,416,47001.0,0.5898114723170096,2649.11,2653.71,2632.44,2644.5
20240816,476,414,67,62,47063.0,0.5798151065637637,2695.49,2699.61,2680.74,2697.23
20240819,349,535,74,-186,46877.0,0.5461753381140789,2697.97,2699.84,2664.28,2674.36
20240820,649,245,64,404,47281.0,0.5788617826383851,2699.74,2706.05,2686.06,2696.63
20240821,409,450,99,-41,47240.0,0.5601841932032336,2687.2,2704.98,2684.61,2701.13
20240822,285,599,74,-314,46926.0,0.5169503744472363,2710.95,2711.38,2690.35,2707.67
20240823,429,432,97,-3,46923.0,0.5135517317697851,2690.8,2712.84,2689.54,2701.69
20240826,378,509,71,-131,46792.0,0.4976615224677866,2716.88,2718.47,2688.79,2698.01
20240827,437,424,97,13,46805.0,0.49945931132962496,2696.24,2700.18,2681.92,2689.25
20240828,260,628,70,-368,46437.0,0.46188358068656454,2690.59,2695.51,2671.59,2689.83
20240829,283,592,83,-309,46128.0,0.4367099426396567,2657.18,2672.9,2649.56,2662.28
20240830,583,293,82,290,46418.0,0.4783127010970375,2676.72,2686.51,2668.66,2674.31
20240902,327,536,95,-209,46209.0,0.46023962387239964,2683.8,2686.98,2658.31,2681.0
20240903,458,420,80,38,46247.0,0.4714033451894494,2683.12,2695.59,2664.63,2664.63
20240904,52,862,44,-810,45437.0,0.396037787699265,2589.94,2608.13,2578.07,2580.8
20240905,358,523,77,-165,45272.0,0.39791390142064514,2598.36,2615.8,2560.65,2575.5
20240906,138,764,56,-626,44646.0,0.3533828917287641,2576.66,2576.94,2529.31,2544.28
20240909,504,374,80,130,44776.0,0.393500891534551,2498.67,2543.22,2491.3,2535.93
20240910,343,535,80,-192,44584.0,0.39298447348374627,2542.69,2544.83,2522.48,2523.43
20240911,345,528,85,-183,44401.0,0.3933852971115062,2524.86,2526.13,2493.37,2513.37
20240912,766,127,65,639,45040.0,0.477821198502003,2547.5,2572.09,2537.87,2572.09
20240913,602,271,85,331,45371.0,0.5163221031584128,2571.81,2584.11,2562.91,2575.41
20240919,498,373,87,125,45496.0,0.526401102876401,2594.67,2598.68,2550.09,2580.8
20240920,567,319,72,248,45744.0,0.5470472393121713,2603.83,2619.55,2591.4,2593.37
20240923,437,451,70,-14,45730.0,0.537059944367616,2596.47,2603.57,2588.49,2602.01
20240924,608,265,85,343,46073.0,0.5660397774545828,2612.45,2631.68,2597.81,2631.68
20240925,357,518,83,-161,45912.0,0.5373052724628404,2652.71,2663.36,2596.32,2596.32
20240926,750,141,67,609,46521.0,0.5926590123333861,2630.91,2671.57,2630.3,2671.57
20240927,417,459,83,-42,46479.0,0.5714532641382748,2674.58,2681.45,2649.78,2649.78
20240930,182,711,66,-529,45950.0,0.5046085598981283,2665.24,2668.66,2593.27,2593.27
20241002,181,706,72,-525,45425.0,0.44996311711250975,2566.55,2591.61,2555.46,2561.69
20241004,464,414,81,50,45475.0,0.46423778747391303,2563.7,2585.59,2555.57,2569.71
20241007,621,261,77,360,45835.0,0.5078457593246672,2579.2,2611.93,2561.46,2610.38
20241008,306,572,80,-266,45569.0,0.4788773234814165,2592.65,2601.96,2581.79,2594.36
20241010,442,428,88,14,45583.0,0.48418071503233967,2611.65,2613.61,2596.86,2599.16
20241011,369,489,100,-120,45463.0,0.47434239049371973,2612.02,2621.93,2594.43,2596.91
20241014,487,398,73,89,45552.0,0.48814968056317176,2602.63,2628.54,2602.63,2623.29
20241015,419,448,91,-29,45523.0,0.48726349558922394,2632.37,2635.32,2615.47,2633.45
20241016,324,555,79,-231,45292.0,0.4656884386809753,2606.7,2622.33,2601.35,2610.36
20241017,359,515,84,-156,45136.0,0.4557005677828741,2620.74,2622.71,2603.52,2609.3
20241018,269,592,97,-323,44813.0,0.4296509027293307,2616.04,2618.32,2587.96,2593.82
20241021,436,429,93,7,44820.0,0.4431773281921008,2600.77,2618.71,2594.05,2604.92
20241022,196,692,70,-496,44324.0,0.4027306722882135,2600.87,2604.16,2564.46,2570.7
20241023,450,411,97,39,44363.0,0.4245338379855735,2575.25,2607.79,2567.42,2599.62
20241024,257,617,84,-360,44003.0,0.4008095662153652,2591.69,2600.26,2578.8,2581.03
20241025,260,620,78,-360,43643.0,0.3816541078952161,2597.44,2611.27,2577.0,2583.27
20241028,617,274,67,343,43986.0,0.43816797175918143,2588.45,2612.96,2587.2,2612.43
20241029,409,445,104,-36,43950.0,0.44557792537162744,2606.94,2617.8,2595.86,2617.8
20241030,352,516,90,-164,43786.0,0.4382964760162498,2606.99,2613.47,2586.88,2593.79
20241031,473,405,80,68,43854.0,0.4565560937544425,2575.24,2579.65,2552.36,2556.15
20241101,290,601,67,-311,43543.0,0.43272352982520906,2542.96,2559.3,2536.84,2542.36
20241104,622,256,80,366,43909.0,0.4828516600412924,2549.04,2588.97,2542.68,2588.97
20241105,515,359,84,156,44065.0,0.502195876626254,2570.24,2586.73,2564.66,2576.88
20241106,325,556,78,-231,43834.0,0.477960076954862,2591.9,2592.75,2544.04,2563.51
20241107,355,513,91,-158,43676.0,0.4654193675294702,2557.23,2579.81,2540.48,2564.63
20241108,391,470,98,-79,43597.0,0.4633655030076934,2586.7,2593.15,2553.42,2561.15
20241111,187,730,42,-543,43054.0,0.4161946561239708,2562.05,2562.05,2525.56,2531.66
20241112,121,791,47,-670,42384.0,0.3646457074826108,2527.94,2532.44,2481.53,2482.57
20241113,107,803,49,-696,41688.0,0.3197251093189393,2468.27,2478.87,2415.77,2417.08
20241114,430,452,77,-22,41666.0,0.3502347884738961,2430.26,2441.43,2410.93,2418.86
20241115,508,391,60,117,41783.0,0.3892961546710783,2413.05,2433.18,2390.56,2416.86
20241118,617,284,58,333,42116.0,0.44302315792833963,2440.31,2480.01,2437.53,2469.07
20241119,460,412,87,48,42164.0,0.4583867539013354,2469.13,2479.39,2465.15,2471.95
20241120,437,422,100,15,42179.0,0.46754026822004696,2475.76,2489.15,2471.79,2482.29
20241121,394,479,86,-85,42094.0,0.46459063703060594,2474.62,2496.97,2474.62,2480.63
20241122,518,357,84,161,42255.0,0.4877559757523139,2493.42,2511.23,2492.21,2501.24
20241125,611,285,63,326,42581.0,0.5230584606804646,2524.11,2541.76,2517.98,2534.34
20241126,487,391,81,96,42677.0,0.5288059594426414,2521.39,2526.62,2512.21,2520.36
20241127,375,518,66,-143,42534.0,0.5090108414985757,2518.82,2526.32,2498.32,2503.06
20241128,517,363,79,154,42688.0,0.5232815975897437,2499.69,2513.63,2495.64,2504.67
20241129,171,727,62,-556,42132.0,0.46276188213406644,2496.93,2496.93,2446.96,2455.91
20241202,217,678,65,-461,41671.0,0.422706649120356,2479.02,2483.29,2448.45,2454.48
20241203,735,166,59,569,42240.0,0.4941709431658729,2472.06,2500.67,2471.55,2500.1
20241204,176,737,47,-561,41679.0,0.43937096883341403,2450.76,2483.04,2442.46,2464.0
20241205,177,727,56,-550,41129.0,0.3950846945322462,2471.45,2471.45,2434.78,2441.85
20241206,250,660,50,-410,40719.0,0.3732011636582514,2451.6,2459.24,2397.73,2428.16
20241209,60,870,29,-810,39909.0,0.3170766119080708,2392.37,2399.52,2360.18,2360.58
20241210,878,48,33,830,40739.0,0.4318198000826489,2384.51,2419.06,2384.51,2417.84
20241211,812,102,45,710,41449.0,0.5148348593077252,2412.15,2443.34,2411.38,2442.51
20241212,618,280,61,338,41787.0,0.5463550650865595,2456.63,2487.95,2448.76,2482.12
20241213,635,255,69,380,42167.0,0.5767419889012606,2473.75,2500.32,2470.24,2494.46
20241216,491,398,71,93,42260.0,0.5722990748746278,2511.08,2515.62,2483.43,2488.97
20241217,386,496,78,-110,42150.0,0.5478159200530608,2487.31,2487.31,2455.05,2456.81
20241218,583,306,71,277,42427.0,0.5674481211110072,2463.06,2492.0,2462.82,2484.43
20241219,214,684,62,-470,41957.0,0.5076043444846284,2426.55,2450.05,2423.59,2435.93
20241220,205,707,48,-502,41455.0,0.4561818639882207,2429.63,2430.69,2389.86,2404.15
20241223,719,188,54,531,41986.0,0.5173712093551013,2423.36,2446.97,2413.62,2442.01
20241224,392,485,84,-93,41893.0,0.5045725049694013,2450.55,2452.85,2432.42,2440.52
20241226,302,592,67,-290,41603.0,0.4742516142956887,2449.52,2449.52,2428.82,2429.67
20241227,115,808,38,-693,40910.0,0.410677450995202,2419.46,2423.86,2388.33,2404.77
20241230,444,443,74,1,40911.0,0.42702040497024674,2397.49,2429.75,2390.44,2399.49
20250102,455,427,79,28,40939.0,0.44317542513438657,2400.87,2410.99,2386.84,2398.94
20250103,691,206,64,485,41424.0,0.5026609108249622,2402.58,2454.67,2402.58,2441.92
20250106,630,259,72,371,41795.0,0.54011554837003,2453.3,2489.1,2446.82,2488.64
20250107,446,428,87,18,41813.0,0.5346940819095751,2513.49,2521.86,2492.09,2492.1
20250108,460,411,90,49,41862.0,0.5335003557133033,2481.25,2526.77,2481.25,2521.05
20250109,364,521,76,-157,41705.0,0.5112820064978388,2526.1,2535.87,2515.82,2521.9
20250110,463,410,88,53,41758.0,0.514749841201033,2528.42,2535.24,2506.29,2515.78
20250113,262,640,59,-378,41380.0,0.4739708940606718,2508.15,2513.93,2483.73,2489.56
20250114,513,364,84,149,41529.0,0.4941486749062799,2501.49,2504.89,2482.74,2497.4
20250115,270,597,94,-327,41202.0,0.46092504039988486,2511.07,2524.36,2493.1,2496.81
20250116,600,281,80,319,41521.0,0.5009467181230716,2528.27,2534.01,2519.86,2527.49
20250117,435,448,78,-13,41508.0,0.49943617511830013,2520.85,2528.48,2513.84,2523.55
20250120,389,491,81,-102,41406.0,0.48900149865051,2533.68,2536.72,2516.28,2520.05
20250121,388,487,86,-99,41307.0,0.4807155118828848,2533.23,2548.44,2507.95,2518.03
20250122,403,483,75,-80,41227.0,0.47601328665648707,2535.8,2552.57,2526.89,2547.06
20250123,191,700,70,-509,40718.0,0.42844103108849807,2541.24,2541.6,2515.49,2515.49
20250124,545,323,93,222,40940.0,0.46470269531455244,2529.29,2542.83,2522.64,2536.8
20250131,335,563,63,-228,40712.0,0.4480387916108739,2534.33,2537.98,2496.95,2517.37
20250203,96,825,40,-729,39983.0,0.3855289254429507,2468.74,2468.74,2437.61,2453.95
20250204,693,209,59,484,40467.0,0.45512233589456497,2481.44,2508.35,2471.63,2481.69
20250205,590,303,69,287,40754.0,0.49249905462533017,2503.94,2514.71,2498.74,2509.27
20250206,599,282,81,317,41071.0,0.5265736254384731,2521.82,2536.75,2515.34,2536.75
20250207,291,601,70,-310,40761.0,0.49014809060538744,2532.09,2537.63,2519.01,2521.92
20250210,416,458,88,-42,40719.0,0.48757071777636546,2510.64,2527.33,2499.18,2521.27
20250211,472,410,80,62,40781.0,0.4962210222334352,2532.87,2549.44,2527.74,2539.05
20250212,333,555,74,-222,40559.0,0.4741808363728106,2534.71,2549.58,2528.74,2548.39
20250213,573,312,77,261,40820.0,0.5056857074175076,2558.95,2583.74,2555.98,2583.17
20250214,498,367,97,131,40951.0,0.5184196775875246,2588.2,2600.57,2582.84,2591.05
20250217,620,267,75,353,41304.0,0.5512497987271916,2595.99,2612.8,2592.57,2610.42
20250218,480,398,84,82,41386.0,0.5504220241812247,2613.25,2628.47,2605.15,2626.81
20250219,575,306,81,269,41655.0,0.5690120967632782,2633.91,2680.7,2633.91,2671.52
20250220,452,417,93,35,41690.0,0.5601259136714718,2661.72,2667.59,2645.53,2654.06
20250221,510,371,81,139,41829.0,0.5635371344031679,2653.76,2656.04,2638.44,2654.58
20250224,451,423,87,28,41857.0,0.5548973475364384,2636.12,2645.27,2626.88,2645.27
20250225,360,530,71,-170,41687.0,0.5275513538066262,2617.64,2641.49,2617.12,2630.29
20250226,545,337,79,208,41895.0,0.5439808953326116,2629.86,2648.06,2620.16,2641.09
20250227,322,566,73,-244,41651.0,0.5110048439289754,2637.63,2638.47,2610.47,2621.75
20250228,95,836,30,-741,40910.0,0.4366477480012581,2585.61,2586.78,2531.24,2532.78
20250304,311,594,56,-283,40627.0,0.41973841360826186,2522.2,2548.78,2513.31,2528.92
20250305,716,180,65,536,41163.0,0.4887145461989675,2548.45,2561.47,2535.18,2558.13
20250306,486,395,80,91,41254.0,0.5001566027047377,2573.55,2583.65,2565.57,2576.16
20250307,351,542,68,-191,41063.0,0.4806839678242876,2553.44,2575.48,2541.49,2563.48
20250310,408,469,84,-61,41002.0,0.47787276438655557,2555.4,2579.76,2549.99,2570.39
20250311,181,733,47,-552,40450.0,0.42699237714778254,2516.69,2547.88,2505.91,2537.6
20250312,511,354,96,157,40607.0,0.45676675313667753,2552.6,2579.69,2541.66,2574.82
20250313,333,540,88,-207,40400.0,0.44307157965165833,2598.06,2600.07,2561.02,2573.64
20250314,510,359,93,151,40551.0,0.469218832979979,2565.18,2576.74,2559.24,2566.36
20250317,530,358,75,172,40723.0,0.4924239264103186,2588.32,2610.69,2587.52,2610.69
20250318,436,433,94,3,40726.0,0.4941152346955855,2627.27,2638.56,2606.91,2612.34
20250319,506,371,86,135,40861.0,0.5091791797918789,2613.48,2642.83,2613.48,2628.62
20250320,334,545,84,-211,40650.0,0.48568791926089083,2648.16,2650.72,2629.2,2637.1
20250321,317,566,80,-249,40401.0,0.46265436985136404,2633.9,2645.82,2617.78,2643.13
20250324,406,463,94,-57,40344.0,0.46348151758630796,2636.43,2648.82,2629.38,2632.07
20250325,305,579,79,-274,40070.0,0.4419435370132318,2653.04,2654.63,2612.74,2615.81
20250326,458,417,88,41,40111.0,0.4567589978160208,2628.09,2649.15,2618.05,2643.94
20250327,282,611,70,-329,39782.0,0.43112817524660074,2620.28,2633.03,2603.41,2607.15
20250328,170,730,63,-560,39222.0,0.38708466863610763,2592.63,2592.63,2549.26,2557.98
20250331,88,826,49,-738,38484.0,0.33421110843451574,2513.44,2514.22,2479.46,2481.12
20250401,716,182,64,534,39018.0,0.41841406948448634,2511.24,2530.61,2494.43,2521.39
20250402,276,595,91,-319,38699.0,0.39995281188695214,2525.62,2532.15,2499.83,2505.86
20250403,277,609,76,-332,38367.0,0.3840779521841326,2437.43,2488.92,2437.43,2486.7
20250404,562,330,70,232,38599.0,0.42879920506871344,2450.49,2506.71,2438.02,2465.42
20250407,68,866,28,-798,37801.0,0.36407301127191016,2359.25,2369.4,2327.01,2328.2
20250408,548,343,71,205,38006.0,0.40970324225991706,2381.2,2381.31,2328.94,2334.23
20250409,145,762,55,-617,37389.0,0.3642785974308613,2329.99,2337.58,2284.72,2293.7
20250410,877,47,38,830,38219.0,0.47061597955874085,2395.13,2445.06,2391.39,2445.06
20250411,537,343,82,194,38413.0,0.49599985104392846,2400.74,2433.18,2394.25,2432.72
20250414,637,255,70,382,38795.0,0.5356590709519626,2454.28,2465.56,2449.48,2455.89
20250415,709,181,72,528,39323.0,0.5831081877758142,2464.51,2482.56,2461.23,2477.41
20250416,302,577,83,-275,39048.0,0.5395561974862412,2472.78,2475.83,2442.72,2447.43
20250417,641,225,96,416,39464.0,0.5760341174897925,2451.7,2473.24,2447.4,2470.41
20250418,621,248,93,373,39837.0,0.6012305505688531,2473.3,2486.37,2466.9,2483.42
20250421,500,373,89,127,39964.0,0.5960500297635613,2486.38,2498.84,2479.23,2488.42
20250422,462,416,84,46,40010.0,0.5833492788560427,2481.18,2494.59,2476.14,2486.64
20250423,629,255,78,374,40384.0,0.6066564029801188,2520.56,2526.72,2507.1,2525.56
20250424,404,458,100,-54,40330.0,0.5815693286563764,2525.34,2530.61,2507.21,2522.33
20250425,647,239,76,408,40738.0,0.6086018701729885,2544.59,2553.33,2534.94,2546.3
20250428,367,522,73,-155,40583.0,0.5730057841552388,2551.23,2558.69,2541.97,2548.86
20250429,660,238,64,422,41005.0,0.6024532038411258,2550.25,2571.41,2542.25,2565.42
20250430,345,551,66,-206,40799.0,0.5629243745713106,2561.04,2570.83,2544.46,2556.61
20250502,420,452,90,-32,40767.0,0.5481474657668521,2556.52,2567.04,2540.57,2559.79
20250507,461,417,84,44,40811.0,0.5439491897380063,2577.04,2581.85,2559.17,2573.8
20250508,532,341,89,191,41002.0,0.5558480457952218,2581.27,2590.9,2575.78,2579.48
20250509,353,539,70,-186,40816.0,0.526737475707709,2587.93,2589.58,2571.2,2577.27
20250512,661,240,61,421,41237.0,0.5643541711748372,2593.94,2607.33,2585.6,2607.33
20250513,452,420,90,32,41269.0,0.5559895262072688,2601.76,2620.64,2601.58,2608.42
20250514,590,293,79,297,41566.0,0.5763871887953428,2625.36,2646.01,2619.15,2640.57
20250515,298,593,71,-295,41271.0,0.5323996395214624,2634.5,2643.83,2618.08,2621.36
20250516,316,581,65,-265,41006.0,0.4996515952018613,2630.64,2633.98,2619.1,2626.87
20250519,240,646,76,-406,40600.0,0.4580568253785801,2613.7,2619.43,2593.44,2603.42
20250520,554,337,71,217,40817.0,0.4878234550261028,2622.68,2622.91,2598.1,2601.8
20250521,540,335,87,205,41022.0,0.5113360735927853,2615.9,2633.41,2614.73,2625.58
20250522,258,635,70,-377,40645.0,0.47089565544795026,2614.66,2616.53,2588.09,2593.67
20250523,494,398,71,96,40741.0,0.48597129249247295,2603.57,2604.14,2589.51,2592.09
20250526,637,260,66,377,41118.0,0.5267301352277018,2598.45,2644.4,2595.96,2644.4
20250527,361,517,84,-156,40962.0,0.5057176981330813,2630.29,2642.63,2625.66,2637.22
20250528,579,312,71,267,41229.0,0.5319202348055483,2648.86,2692.47,2643.5,2670.15
20250529,751,153,58,598,41827.0,0.5862533216389723,2691.06,2720.64,2686.64,2720.64
20250530,396,489,77,-93,41734.0,0.5610177408170943,2713.24,2717.54,2689.87,2697.67
20250602,371,525,66,-154,41580.0,0.5342986061230771,2692.91,2719.87,2685.14,2698.97
20250604,800,120,42,680,42260.0,0.5952561718082093,2737.92,2771.03,2734.02,2770.84
20250605,572,314,76,258,42518.0,0.6044092667759758,2790.33,2831.11,2787.76,2812.05
20250609,700,204,58,496,43014.0,0.6353050879414057,2841.56,2867.27,2841.39,2855.77
20250610,431,463,68,-32,42982.0,0.6074501461843146,2872.62,2885.67,2849.67,2871.85
20250611,601,284,77,317,43299.0,0.6204766732776646,2887.32,2908.16,2879.92,2907.04
20250612,521,375,66,146,43445.0,0.6133851352791282,2909.99,2934.31,2909.99,2920.03
20250613,150,766,46,-616,42829.0,0.5316342849584291,2930.57,2932.38,2877.07,2894.62
20250616,621,280,61,341,43170.0,0.5602888121004844,2903.5,2947.07,2886.13,2946.66
20250617,324,564,74,-240,42930.0,0.5247571853303717,2959.93,2998.62,2925.79,2950.3
20250618,428,458,76,-30,42900.0,0.5171776929842381,2933.63,2979.32,2933.63,2972.19
20250619,432,443,87,-11,42889.0,0.5129116189351558,2989.56,2996.04,2954.47,2977.74
20250620,489,391,82,98,42987.0,0.5206880187981853,2986.52,3022.06,2972.37,3021.84
20250623,267,647,48,-380,42607.0,0.4791306587063728,2992.2,3019.81,2971.36,3014.47
20250624,767,139,56,628,43235.0,0.5459393328408352,3061.14,3105.04,3061.14,3103.64
20250625,468,422,72,46,43281.0,0.5422853989841766,3127.79,3129.09,3084.86,3108.25
20250626,181,727,54,-546,42735.0,0.479931545904955,3108.34,3113.03,3036.55,3079.56
20250627,247,661,54,-414,42321.0,0.4421306160527926,3077.87,3093.56,3041.85,3055.94
20250630,489,398,75,91,42412.0,0.4619789595110631,3072.75,3086.0,3063.42,3071.7
20250701,709,185,68,524,42936.0,0.5221763990467778,3089.64,3133.52,3088.45,3089.65
20250702,454,433,75,21,42957.0,0.5202966274049838,3083.82,3090.61,3032.47,3075.06
20250703,610,283,69,327,43284.0,0.5498955506926453,3100.33,3116.27,3085.98,3116.27
20250704,161,741,60,-580,42704.0,0.4823676759245005,3122.28,3123.84,3052.91,3054.28
20250707,429,461,72,-32,42672.0,0.4823049115582481,3044.78,3068.43,3032.99,3059.47
20250708,645,241,76,404,43076.0,0.5269751041212262,3071.74,3115.86,3066.03,3114.95
20250709,701,199,62,502,43578.0,0.5727776104426193,3123.22,3137.17,3111.02,3133.74
20250710,599,289,75,310,43888.0,0.5912815993711521,3144.14,3183.23,3133.81,3183.23
20250711,476,411,76,65,43953.0,0.5813468287157842,3186.35,3216.69,3170.46,3175.77
20250714,530,363,70,167,44120.0,0.5835574124390469,3175.59,3202.06,3170.72,3202.03
20250715,365,513,84,-148,43972.0,0.5530410719707339,3194.82,3216.01,3183.83,3215.28
20250716,191,706,65,-515,43457.0,0.4912030580743625,3207.48,3209.2,3178.42,3186.38
20250717,391,473,98,-82,43375.0,0.4841745559328959,3201.42,3201.42,3152.42,3192.29
20250718,305,591,66,-286,43089.0,0.4580340522567849,3200.44,3204.75,3169.69,3188.07
20250721,391,491,80,-100,42989.0,0.45535707140943704,3191.11,3211.14,3188.87,3210.81
20250722,210,687,65,-477,42512.0,0.41513100613037246,3210.12,3220.27,3155.25,3169.94
20250723,391,500,71,-109,42403.0,0.41944041813686933,3189.65,3199.86,3141.93,3183.77
20250724,193,709,60,-516,41887.0,0.3820819708158743,3209.43,3237.97,3183.05,3190.45
20250725,374,504,84,-130,41757.0,0.390061268729244,3184.37,3205.82,3184.37,3196.05
20250728,180,725,57,-545,41212.0,0.3553037703465286,3228.61,3228.61,3180.18,3209.52
20250729,469,411,82,58,41270.0,0.3876039112752589,3192.17,3232.31,3169.03,3230.57
20250730,476,408,78,68,41338.0,0.41503257076367334,3233.31,3269.4,3227.28,3254.47
20250731,406,468,87,-62,41276.0,0.42403226561546226,3275.78,3288.26,3227.46,3245.44
20250801,38,885,39,-847,40429.0,0.35442096232321924,3210.32,3210.32,3117.92,3119.41
20250804,678,212,72,466,40895.0,0.4284894696842682,3114.27,3157.45,3105.63,3147.75
20250805,687,190,85,497,41392.0,0.49300999110790183,3187.15,3212.31,3174.23,3198.0
20250806,647,237,78,410,41802.0,0.5364446204498629,3182.06,3200.15,3176.61,3198.14
20250807,459,409,94,50,41852.0,0.5350550246077009,3214.81,3227.68,3200.28,3227.68
20250808,386,488,88,-102,41750.0,0.5180718559979379,3220.58,3227.28,3198.31,3210.01
20250811,299,581,82,-282,41468.0,0.48565383259335415,3220.72,3223.23,3199.9,3206.77
20250812,345,548,69,-203,41265.0,0.4675964422837002,3209.75,3242.17,3189.58,3189.91
20250813,413,470,79,-57,41208.0,0.4676195744701498,3225.4,3226.37,3192.17,3224.37
20250814,379,498,85,-119,41089.0,0.46117148349672354,3226.52,3239.55,3210.83,3225.66
20250818,198,701,63,-503,40586.0,0.4173666167430468,3202.63,3206.77,3177.28,3177.28
20250819,271,613,78,-342,40244.0,0.39722015660301113,3185.04,3185.48,3142.48,3151.56
20250820,243,645,73,-402,39842.0,0.3747526097022179,3121.52,3132.83,3079.27,3130.09
20250821,517,361,83,156,39998.0,0.4136772749913984,3140.71,3166.54,3134.86,3141.74
20250822,462,412,87,50,40048.0,0.43457306480989594,3165.41,3181.95,3159.45,3168.73
20250825,602,271,88,331,40379.0,0.4809372665012342,3195.14,3209.86,3180.12,3209.86
20250826,322,543,96,-221,40158.0,0.4611767335483035,3199.92,3199.92,3175.31,3179.36
20250827,336,523,102,-187,39971.0,0.44844505525049577,3185.87,3189.31,3165.77,3187.16
20250828,483,383,95,100,40071.0,0.46831626712390967,3175.33,3211.34,3164.08,3196.32
20250829,301,581,79,-280,39791.0,0.4452169169686245,3208.8,3212.69,3184.48,3186.01
20250901,201,696,64,-495,39296.0,0.4050102534395161,3164.58,3177.4,3135.02,3142.93
20250902,486,378,97,108,39404.0,0.4336447528141495,3155.73,3174.16,3151.93,3172.35
20250903,503,371,87,132,39536.0,0.45943932032828166,3177.75,3187.48,3167.23,3184.42
20250904,610,249,102,361,39897.0,0.5050190904283993,3188.84,3205.61,3185.49,3200.83
20250905,451,404,106,47,39944.0,0.5091038703717738,3208.83,3214.64,3196.19,3205.12
20250908,543,325,93,218,40162.0,0.530280627916244,3209.81,3221.14,3206.34,3219.59
20250909,590,289,82,301,40463.0,0.5559054760001454,3231.31,3260.05,3221.98,3260.05
20250910,637,245,79,392,40855.0,0.5861448844041593,3272.2,3317.77,3272.07,3314.53
20250911,463,406,91,57,40912.0,0.5764451449863929,3336.6,3344.7,3311.86,3344.2
20250912,524,344,92,180,41092.0,0.5813981433424488,3374.65,3395.54,3362.86,3395.54
20250915,483,399,78,84,41176.0,0.5752564895745577,3407.78,3420.23,3391.33,3407.31
20250916,298,571,91,-273,40903.0,0.5330140187218971,3421.13,3452.5,3418.1,3449.62
20250917,305,567,88,-262,40641.0,0.49969704117279484,3433.83,3433.83,3406.75,3413.4
20250918,591,264,105,327,40968.0,0.534520864627821,3432.77,3461.3,3422.77,3461.3
20250919,242,640,78,-398,40570.0,0.4872218741925008,3461.23,3467.89,3434.61,3445.24
20250922,334,547,79,-213,40357.0,0.46756601387600233,3463.84,3482.25,3458.87,3468.65
20250923,270,601,89,-331,40026.0,0.4389155602519551,3489.46,3494.49,3467.83,3486.19
20250924,194,686,80,-492,39534.0,0.39919537574333513,3492.03,3497.95,3442.41,3472.14
20250925,338,534,87,-196,39338.0,0.39708979449892556,3458.98,3479.42,3454.08,3471.11
20250926,121,779,59,-658,38680.0,0.34933609448901987,3440.39,3441.91,3365.73,3386.05
20250929,597,271,91,326,39006.0,0.4108728079334125,3414.43,3439.12,3413.33,3431.21
20250930,281,585,92,-304,38702.0,0.3951650918573396,3436.0,3443.38,3421.89,3424.6
20251001,387,477,95,-90,38612.0,0.40475628727721724,3444.06,3459.74,3440.42,3455.83
20251002,586,297,76,289,38901.0,0.4518272639752955,3525.48,3565.96,3512.16,3549.21
20251010,276,624,59,-348,38553.0,0.4254344281009993,3598.11,3617.86,3569.44,3610.6
20251013,274,596,89,-322,38231.0,0.4053449918527507,3550.08,3584.55,3522.54,3584.55
20251014,317,564,78,-247,37984.0,0.39706742755138374,3604.12,3646.77,3535.52,3561.81
20251015,761,127,71,634,38618.0,0.4806882556296743,3580.64,3659.91,3577.06,3657.28
20251016,492,391,76,101,38719.0,0.4945979169658212,3675.82,3748.37,3675.82,3748.37
20251017,222,672,65,-450,38269.0,0.44982050436312765,3732.76,3794.87,3722.07,3748.89
20251020,595,289,75,306,38575.0,0.49041258049290865,3775.4,3814.69,3728.38,3814.69
20251021,370,498,91,-128,38447.0,0.4787497987861963,3851.01,3893.06,3816.19,3823.84
20251022,637,249,73,388,38835.0,0.5224246763309182,3827.23,3883.68,3794.52,3883.68
20251023,260,609,90,-349,38486.0,0.4818373672543269,3835.79,3902.21,3822.33,3845.56
20251024,476,408,75,68,38554.0,0.49213267111018355,3893.23,3951.07,3886.64,3941.59
20251027,562,322,74,240,38794.0,0.518244295696485,3999.79,4042.83,3999.79,4042.83
20251028,379,503,76,-124,38670.0,0.5021462811006697,4010.47,4018.22,3972.56,4010.41
20251029,305,566,87,-261,38409.0,0.4745146328721584,4061.54,4084.09,4014.84,4081.15
20251030,191,707,60,-516,37893.0,0.42691104098732374,4105.95,4146.72,4070.79,4086.89
20251031,319,560,79,-241,37652.0,0.4152749245269126,4083.25,4122.09,4059.74,4107.5
20251103,288,615,55,-327,37325.0,0.3977589158995488,4123.36,4221.92,4123.36,4221.87
20251104,381,507,70,-126,37199.0,0.4034489410185497,4219.24,4226.75,4117.91,4121.74
20251105,173,734,51,-561,36638.0,0.3647743515620348,4055.47,4055.47,3867.81,4004.42
20251106,633,267,58,366,37004.0,0.42633053006590726,4092.46,4111.96,3985.29,4026.45
20251107,212,679,67,-467,36537.0,0.3920767799814825,3963.72,4037.61,3887.32,3953.76
20251110,807,99,52,708,37245.0,0.48274072486142966,3991.87,4092.91,3984.24,4073.24
20251111,340,543,75,-203,37042.0,0.46497894990978905,4124.3,4187.46,4066.58,4106.39
20251112,788,119,51,669,37711.0,0.5384006382794034,4097.44,4154.62,4088.86,4150.39
20251113,477,385,96,92,37803.0,0.541121298436154,4127.57,4188.54,4123.84,4170.63
20251114,171,719,68,-548,37255.0,0.47766921353152125,4061.91,4092.76,4011.4,4011.57
20251117,393,493,72,-100,37155.0,0.4714687367843577,4078.57,4089.88,4045.4,4089.25
20251118,83,821,54,-738,36417.0,0.4024406317857536,4044.47,4072.41,3953.26,3953.62
20251119,465,419,74,46,36463.0,0.4249092622878914,3966.64,3966.64,3854.95,3929.51
20251120,751,141,66,610,37073.0,0.5007308966211977,4030.97,4059.37,4001.31,4004.85
20251121,178,721,58,-543,36530.0,0.4456885109275064,3908.7,3911.55,3838.46,3853.26
20251124,306,580,73,-274,36256.0,0.4274492290309805,3915.16,3917.16,3838.2,3846.06
20251125,328,554,77,-226,36030.0,0.4173461121467659,3942.36,3946.61,3833.35,3857.78
20251126,773,125,61,648,36678.0,0.49797441570866186,3891.88,3960.87,3866.66,3960.87
20251127,391,483,85,-92,36586.0,0.4887733257712018,3989.45,4023.42,3968.43,3986.91
20251128,595,282,81,313,36899.0,0.5232598590558822,3995.3,3995.3,3921.89,3926.59
20251201,382,491,85,-109,36790.0,0.5076801741749523,3967.92,3977.31,3892.08,3920.37
20251202,642,226,90,416,37206.0,0.54985311276233,3939.09,3994.93,3935.14,3994.93
20251203,656,228,74,428,37634.0,0.5848037191625973,4010.26,4052.83,3987.76,4036.3
20251204,285,594,79,-309,37325.0,0.5374270578441729,4018.91,4028.53,3982.54,4028.51
20251205,599,278,81,321,37646.0,0.5638967313739045,4023.5,4100.05,4003.29,4100.05
20251208,315,553,90,-238,37408.0,0.5273524576343676,4109.25,4154.85,4081.26,4154.85
20251209,401,476,81,-75,37333.0,0.5146048458700179,4129.77,4152.18,4121.21,4143.55
20251210,283,593,82,-310,37023.0,0.47977839402648614,4159.05,4172.64,4123.6,4135.0
20251211,551,327,80,224,37247.0,0.5066482573614923,4163.32,4170.77,4103.2,4110.62
20251212,657,222,79,435,37682.0,0.5504286238480469,4123.83,4168.17,4120.73,4167.16
20251215,351,532,75,-181,37501.0,0.522624963834081,4053.74,4123.19,4052.65,4090.59
20251216,185,716,57,-531,36970.0,0.4649345002250593,4093.32,4099.01,3996.23,3999.13
20251217,534,343,81,191,37161.0,0.4911089468514971,4019.43,4060.24,3994.65,4056.41
20251218,196,688,74,-492,36669.0,0.4421290396082384,3989.6,4030.65,3975.5,3994.51
20251219,608,276,74,332,37001.0,0.4867933606667158,4055.78,4055.78,3997.05,4020.55
20251222,536,342,80,194,37195.0,0.50928154234711,4096.26,4105.93,4083.13,4105.93
20251223,217,659,82,-442,36753.0,0.4617243337343934,4127.4,4140.84,4110.25,4117.32
20251224,380,483,95,-103,36650.0,0.45783344570894696,4136.24,4137.2,4106.62,4108.62
20251226,246,643,69,-397,36253.0,0.4249028938661708,4130.37,4143.14,4116.53,4129.68
20251229,318,573,67,-255,35998.0,0.4125391598727501,4146.48,4220.56,4146.48,4220.56
20251230,332,545,81,-213,35785.0,0.40636172788178876,4193.75,4226.36,4186.95,4214.17
20260102,373,523,62,-150,35635.0,0.40816771242276223,4224.53,4313.55,4216.68,4309.63
20260105,437,449,72,-12,35623.0,0.4236332176132881,4385.92,4457.52,4381.93,4457.52
20260106,396,484,78,-88,35535.0,0.4284271780472357,4446.08,4525.48,4395.0,4525.48
20260107,200,686,70,-486,35049.0,0.3915738064589223,4566.34,4611.72,4488.2,4551.06
20260108,177,730,49,-553,34496.0,0.35586017661864117,4531.46,4622.32,4527.5,4552.37
20260109,540,341,75,199,34695.0,0.402601933795192,4530.03,4590.03,4500.48,4586.32
20260112,531,350,75,181,34876.0,0.4389877962090679,4639.89,4652.54,4567.55,4624.79
20260113,449,432,75,17,34893.0,0.45183512910346707,4662.44,4693.07,4641.58,4692.64
20260114,559,336,61,223,35116.0,0.48324347028221704,4685.11,4723.1,4669.32,4723.1
20260115,485,390,79,95,35211.0,0.4961602419192165,4710.28,4797.55,4705.44,4797.55
20260116,374,507,73,-133,35078.0,0.48313430586910194,4820.66,4855.61,4797.75,4840.74
20260119,398,489,67,-91,34987.0,0.47687415842503234,4829.4,4917.37,4827.95,4904.66
20260120,670,228,56,442,35429.0,0.5258247568729613,4900.28,4935.48,4823.88,4885.75
20260121,186,714,54,-528,34901.0,0.4677960131990895,4808.94,4910.54,4807.13,4909.93
20260122,565,317,72,248,35149.0,0.4992130233739819,4987.06,5019.54,4934.17,4952.53
20260123,681,212,61,469,35618.0,0.5471011980918957,4984.08,5021.13,4926.22,4990.07
20260126,505,392,55,113,35731.0,0.5499896596935111,4997.54,5023.76,4940.78,4949.59
20260127,411,475,65,-64,35667.0,0.5343338340238105,4932.89,5084.85,4890.72,5084.85
20260128,432,441,78,-9,35658.0,0.5271541116239798,5145.39,5183.44,5124.8,5170.81
20260129,581,286,84,295,35953.0,0.5531491593794605,5243.42,5252.61,5073.12,5221.25
20260130,280,604,67,-324,35629.0,0.5101660543010066,5210.35,5321.68,5199.78,5224.36
20260202,116,799,36,-683,34946.0,0.4404587637524877,5122.62,5196.71,4933.58,4949.67
20260203,827,76,48,751,35697.0,0.5268910070488741,5114.81,5288.08,5101.31,5288.08
20260204,751,156,44,595,36292.0,0.5816388985205934,5260.71,5376.92,5243.11,5371.1
20260205,308,579,64,-271,36021.0,0.5390205316070408,5251.03,5304.4,5142.2,5163.57
20260206,192,703,56,-511,35510.0,0.48002136943572504,5013.15,5120.77,4899.3,5089.14
20260209,717,174,60,543,36053.0,0.5390563576681031,5299.1,5322.35,5265.08,5298.04
20260210,691,209,51,482,36535.0,0.5806420704153167,5350.21,5363.62,5286.67,5301.69
20260211,541,340,70,201,36736.0,0.5867207694069803,5293.75,5374.23,5257.53,5354.49
20260212,618,274,58,344,37080.0,0.6060124680798245,5425.39,5522.27,5399.52,5522.27
20260213,337,548,65,-211,36869.0,0.5650631030565795,5513.71,5583.74,5480.92,5507.01
20260219,668,233,49,435,37304.0,0.5971240745319143,5642.09,5681.65,5614.97,5677.25
20260220,546,341,63,205,37509.0,0.6004757084132696,5696.89,5809.91,5684.58,5808.53
20260223,547,348,55,199,37708.0,0.6024207040395009,5903.11,5931.86,5792.57,5846.09
20260224,408,467,75,-59,37649.0,0.5776688877206305,5853.48,5969.64,5775.61,5969.64
20260225,448,435,67,13,37662.0,0.5648856842083652,6022.7,6144.71,5984.28,6083.86
20260226,240,662,48,-422,37240.0,0.5105565394480456,6121.03,6313.27,6107.41,6307.27
20260227,264,629,57,-365,36875.0,0.4714794775062549,6197.49,6347.41,6153.87,6244.13
20260303,75,842,33,-767,36108.0,0.4006265616991297,6165.15,6180.45,5791.65,5791.91
20260304,13,911,26,-898,35210.0,0.33034341667551775,5592.59,5672.12,5059.45,5093.54
20260305,902,21,28,881,36091.0,0.44796245073609037,5250.92,5715.3,5248.13,5583.9
20260306,526,362,63,164,36255.0,0.47421334011904526,5491.02,5609.98,5381.27,5584.87
20260309,73,851,27,-778,35477.0,0.4023571562800059,5265.37,5327.42,5096.16,5251.87
20260310,756,147,48,609,36086.0,0.48142118283374685,5523.21,5595.88,5427.88,5532.59
20260311,703,200,48,503,36589.0,0.5354384327886701,5658.72,5746.36,5559.69,5609.95
20260312,572,322,57,250,36839.0,0.5544170866603253,5567.65,5629.07,5527.47,5583.25
20260313,338,554,59,-216,36623.0,0.5225092103250195,5412.39,5537.59,5392.52,5487.24
20260316,250,646,55,-396,36227.0,0.47823805520098994,5510.82,5561.42,5448.75,5549.85
20260317,631,259,61,372,36599.0,0.5201927295362543,5711.8,5717.13,5632.86,5640.48
20260318,616,280,55,336,36935.0,0.5506122332569353,5767.1,5934.35,5766.14,5925.03
20260319,206,680,65,-474,36461.0,0.4927746714540121,5761.4,5863.39,5738.95,5763.22
20260320,745,159,47,586,37047.0,0.5530183755983349,5813.35,5833.68,5764.64,5781.2
20260323,53,864,34,-811,36236.0,0.46297815542907284,5580.15,5580.15,5397.94,5405.75
20260324,707,192,52,515,36751.0,0.5217874664350923,5638.2,5643.0,5395.17,5553.92
20260325,719,166,66,553,37304.0,0.5746314504525434,5680.33,5740.97,5630.07,5642.21
20260326,228,664,59,-436,36868.0,0.5166267105822481,5594.06,5598.37,5448.12,5460.46
20260327,437,444,70,-7,36861.0,0.5128813526165148,5300.61,5462.51,5220.1,5438.87
20260330,155,752,43,-597,36264.0,0.45070166196337674,5181.8,5297.35,5151.22,5277.3
20260331,117,793,40,-676,35588.0,0.39213252861938613,5143.75,5233.99,5042.99,5052.46
20260401,840,71,39,769,36357.0,0.48848364456145565,5330.04,5512.33,5272.45,5478.7
20260402,91,817,42,-726,35631.0,0.4178903026988602,5551.69,5574.62,5170.27,5234.05
20260403,666,226,58,440,36071.0,0.47766238789914894,5375.5,5419.45,5316.42,5377.3
20260406,353,516,81,-163,35908.0,0.4646717790312003,5423.35,5505.61,5404.91,5450.33
20260407,287,580,83,-293,35615.0,0.4403726425270479,5552.19,5594.9,5424.46,5494.78
20260408,784,107,59,677,36292.0,0.5202885644755022,5804.7,5919.6,5774.0,5872.34
20260409,357,511,82,-154,36138.0,0.5004707023128009,5826.45,5862.41,5757.49,5778.01
20260410,719,164,67,555,36693.0,0.5575250356511714,5876.12,5918.59,5850.83,5858.87
20260413,346,525,79,-179,36514.0,0.5283831285324635,5737.28,5827.73,5730.23,5808.62
20260414,671,199,80,472,36986.0,0.5725433538567596,5960.0,6026.52,5938.33,5967.75
20260415,571,276,103,295,37281.0,0.5910162054792398,6141.6,6183.21,6064.23,6091.39
20260416,657,207,85,450,37731.0,0.6218162893314992,6149.49,6231.03,6126.06,6226.05
20260417,466,390,93,76,37807.0,0.6077392409738605,6227.33,6230.32,6159.88,6191.92
